,id,channel_code,title,title_slug,level_requirement,occupation_ids_main,field_ids_main,field_ids_sub,province_ids,district_ids,gate_code,employer_id,rate_response,rate_response_time,vacancy_quantity,working_method,attribute,probation_duration,probation_duration_text,salary_unit,resume_apply_expired,age_range,degree_requirement,gender,experience_range,commission_from,commission_to,premium_type,is_search_allowed,is_verified,status,last_revision_status,priority_max,priority_all,created_at,updated_at,total_views,total_resume_applied,area,contact_name,contact_address,contact_method,job_requirement,job_requirement_html,other_requirement,other_requirement_html,approved_at,job_box,refresh_at,salary_range,salary_min,salary_max,remaining_apply_day,score,score_percent,job_post_type,job_paid,resume_applied_history,places,actived_at_by_box,paid_status,is_cv_optional,urgent_status,start_date,distance,required_fields,is_ai_suggest_job,effect_info,employer_info.id,employer_info.assigned_staff_id,employer_info.assigned_staff_username,employer_info.name,employer_info.slug,employer_info.status,employer_info.last_revision_status,employer_info.email_verified_status,employer_info.logo,employer_info.rate_response,employer_info.rate_response_time1,200734285,vl24h,"Quản Lý Nhà Hàng Cafe Cao Cấp",quan-ly-nha-hang-cafe-cao-cap,3,"5; 13; 45",173,"134; 115; 173; 153; 159; 114; 175",122,308,,202371877,0,0,3,1,0,0,,0,1770137999,0,0,1,3,0,0,1,1,0,1,1,199,"0; 199",1767770683,1767776961,5,0,0,"Chị Huệ","11-13 Hàn Thuyên, Phường Bến Nghé, Quận 1, TP. HCM",0,,,"<ul><li>Nam/Nữ, từ 25 – 40 tuổi</li><li>Có tối thiểu 1–3 năm kinh nghiệm ở vị trí Quản lý/Trưởng ca nhà hàng hoặc café cao cấp</li><li>Kỹ năng quản lý nhân sự, xử lý tình huống tốt</li><li>Giao tiếp lịch sự, chuyên nghiệp, ngoại hình ưa nhìn</li></ul><p><strong>Ưu tiên:</strong></p><ul><li>Có kinh nghiệm mô hình café – lounge&nbsp;</li><li>Giao tiếp tiếng Anh cơ bản</li><li>Có tinh thần trách nhiệm, chịu được áp lực công việc</li></ul>","<ul><li>Nam/Nữ, từ 25 – 40 tuổi</li><li>Có tối thiểu 1–3 năm kinh nghiệm ở vị trí Quản lý/Trưởng ca nhà hàng hoặc café cao cấp</li><li>Kỹ năng quản lý nhân sự, xử lý tình huống tốt</li><li>Giao tiếp lịch sự, chuyên nghiệp, ngoại hình ưa nhìn</li></ul><p><strong>Ưu tiên:</strong></p><ul><li>Có kinh nghiệm mô hình café – lounge&nbsp;</li><li>Giao tiếp tiếng Anh cơ bản</li><li>Có tinh thần trách nhiệm, chịu được áp lực công việc</li></ul>",1767776961,"101013649:101013650; c(""vl24h.jobbox.basic"", ""vl24h.jobbox.trangchu_tuyengap""); c(NA, NA); c(NA, NA); c(NA, 2); c(NA, NA); c(1770137999, 1768323599); 1767776802:1767776803; c(1, 1); 202859641:202859642",1767776803,21,12000000,15000000,27,0,0,,true,0,"[{""province_id"":122,""district_id"":308,""address"":""11-13 H\u00e0n Thuy\u00ean, Ph\u01b0\u1eddng B\u1ebfn Ngh\u00e9"",""lat"":10.778869559000043,""lng"":106.69821535500006}]",1767776802,1,2,0,,,,2,,202371877,589,thuylt2@nhanlucsieuviet.com,"Công Ty Cổ Phần Cafe Adoré",cong-ty-co-phan-cafe-adore,1,1,1,https://cdn1.vieclam24h.vn/images/employer_avatar/2026/01/07/309354913_125969180226393_3865341683025137436_n_176777687627.jpg?v=220513,0,02,200734397,vl24h,"[Tây Hồ - Hà Nội] Chuyên Viên Hỗ Trợ Kỹ Thuật Và Quản Lý Chất Lượng",tay-ho-ha-noi-chuyen-vien-ho-tro-ky-thuat-va-quan-ly-chat-luong,5,"9; 41; 28",136,"132; 130; 139; 171; 162; 281",73,234,vl24h.default,100080532,0,0,1,1,0,50,,0,1769878799,0,1,0,3,0,0,1,1,0,1,1,199,"c(0, 136); c(199, 174)",1767776050,1767776285,13,0,0,"Đỗ Minh Phương","Phòng 05, Tầng 5, Toà nhà Horison Tower, 40 Cát Linh - Phường Cát Linh - Quận Đống đa - Hà Nội.",0,,,"<ul><li class=""MsoListParagraphCxSpFirst""><span style=""color:black;"">Giới tính: Nam, dưới 40 tuổi</span><o:p></o:p></li><li class=""MsoListParagraphCxSpMiddle""><span style=""color:black;"">Tốt nghiệp Đại học trở lên các chuyên ngành: Công nghệ thông tin, Viễn thông, Điện/Điện tử, Cơ khí, Hàng không – Vũ trụ, Đo lường hoặc các ngành liên quan.</span><o:p></o:p></li><li class=""MsoListParagraphCxSpMiddle""><span style=""color:black;"">Tối thiểu 1 năm kinh nghiệm trong lĩnh vực QA/QC hoặc sản xuất.</span><o:p></o:p></li><li class=""MsoListParagraphCxSpMiddle""><span style=""color:black;"">Có kiến thức về công cụ quản lý chất lượng: Am hiểu 7 công cụ QC, 5 core tools và các phương pháp quản lý chất lượng Six Sigma.</span><o:p></o:p></li><li class=""MsoListParagraphCxSpMiddle""><span style=""color:black;"">Có khả năng sử dụng các thiết bị đo lường và kiểm tra.</span><o:p></o:p></li><li class=""MsoListParagraphCxSpMiddle""><span style=""color:black;"">Ngoại ngữ: Tiếng Anh TOEIC từ 650 trở lên.</span><o:p></o:p></li><li class=""MsoListParagraphCxSpLast""><span style=""color:black;"">Tin học văn phòng: Thành thạo Word, Excel, PowerPoint.</span><o:p></o:p></li></ul>","<ul><li class=""MsoListParagraphCxSpFirst""><span style=""color:black;"">Giới tính: Nam, dưới 40 tuổi</span><o:p></o:p></li><li class=""MsoListParagraphCxSpMiddle""><span style=""color:black;"">Tốt nghiệp Đại học trở lên các chuyên ngành: Công nghệ thông tin, Viễn thông, Điện/Điện tử, Cơ khí, Hàng không – Vũ trụ, Đo lường hoặc các ngành liên quan.</span><o:p></o:p></li><li class=""MsoListParagraphCxSpMiddle""><span style=""color:black;"">Tối thiểu 1 năm kinh nghiệm trong lĩnh vực QA/QC hoặc sản xuất.</span><o:p></o:p></li><li class=""MsoListParagraphCxSpMiddle""><span style=""color:black;"">Có kiến thức về công cụ quản lý chất lượng: Am hiểu 7 công cụ QC, 5 core tools và các phương pháp quản lý chất lượng Six Sigma.</span><o:p></o:p></li><li class=""MsoListParagraphCxSpMiddle""><span style=""color:black;"">Có khả năng sử dụng các thiết bị đo lường và kiểm tra.</span><o:p></o:p></li><li class=""MsoListParagraphCxSpMiddle""><span style=""color:black;"">Ngoại ngữ: Tiếng Anh TOEIC từ 650 trở lên.</span><o:p></o:p></li><li class=""MsoListParagraphCxSpLast""><span style=""color:black;"">Tin học văn phòng: Thành thạo Word, Excel, PowerPoint.</span><o:p></o:p></li></ul>",1767776086,"c(101013628, 101013629, 101013631); c(""vl24h.jobbox.basic"", ""vl24h.jobbox.trangchu_tuyengap"", ""vl24h.jobbox.uutien_trangnganh""); c(NA, NA, 136); c(NA, NA, 41); c(NA, 1, 1); c(NA, 2, 2); c(1770137999, 1768323599, 1768928399); c(1767776140, 1767776153, 1767776285); c(1, 1, 3); c(202859625, 202859626, 202859628)",1767776285,21,15000000,20000000,24,0,0,,true,0,"[{""address"":""Lotte Mall"",""province_id"":73,""district_id"":234,""lat"":21.07571170400007,""lng"":105.81288064200004}]",1767776140,1,2,0,,,,1,,100080532,833,nhitlq@nhanlucsieuviet.com,"Công Ty Cổ Phần Kết Nối Nhân Tài",cong-ty-co-phan-ket-noi-nhan-tai,1,1,1,https://cdn1.vieclam24h.vn/images/default/2022/06/17/images/165543532479.png?v=220513,0,03,200734391,vl24h,"Giao Dịch Viên - Đi Phỏng Vấn Ngay",giao-dich-vien-di-phong-van-ngay,5,"13; 30; 18",178,"159; 114; 175; 167; 127",122,"308; 309; 310; 313; 312",,202080783,0,0,10,1,0,50,,0,1769878799,0,4,1,1,0,0,1,1,0,1,1,199,"c(0, 178); c(199, 174)",1767775876,1767776545,19,0,0,"Phòng nhân sự","G-Group Tower, Số 5 Nguyễn Thị Duệ, P. Yên Hoà, Q. Cầu Giấy, TP. Hà Nội",0,,,"<ul><li style=""text-align:justify;""><span>Ưu tiên ứng viên tốt nghiệp THPT trở lên</span></li><li style=""text-align:justify;""><span>Độ tuổi: 18 – 35 tuổi; Ngoại hình ưa nhìn.</span></li><li style=""text-align:justify;""><span>Tính cách trung thực, tận tâm, nhiệt huyết, có tinh thần trách nhiệm cao.</span></li><li style=""text-align:justify;""><span>Khả năng giao tiếp, giải quyết tình huống, làm việc nhóm và chịu áp lực công việc tốt</span></li><li style=""text-align:justify;""><span>Thành thạo tin học văn phòng cơ bản.</span></li></ul>","<ul><li style=""text-align:justify;""><span>Ưu tiên ứng viên tốt nghiệp THPT trở lên</span></li><li style=""text-align:justify;""><span>Độ tuổi: 18 – 35 tuổi; Ngoại hình ưa nhìn.</span></li><li style=""text-align:justify;""><span>Tính cách trung thực, tận tâm, nhiệt huyết, có tinh thần trách nhiệm cao.</span></li><li style=""text-align:justify;""><span>Khả năng giao tiếp, giải quyết tình huống, làm việc nhóm và chịu áp lực công việc tốt</span></li><li style=""text-align:justify;""><span>Thành thạo tin học văn phòng cơ bản.</span></li></ul>",1767775878,"101013620:101013622; c(""vl24h.jobbox.basic"", ""vl24h.jobbox.trangchu_tuyengap"", ""vl24h.jobbox.uutien_trangnganh""); c(NA, NA, 178); c(NA, NA, 30); c(NA, 2, 2); c(NA, NA, NA); c(1770137999, 1768323599, 1768928399); 1767775938:1767775940; c(3, 1, 3); 202859620:202859622",1767775940,21,10000000,20000000,24,0,0,,true,0,"[{""province_id"":122,""district_id"":308,""address"":""To\u00e0n TP H\u1ed3 Ch\u00ed Minh"",""lat"":10.773048122000034,""lng"":106.69590884600007},{""province_id"":122,""district_id"":309,""address"":""To\u00e0n TP H\u1ed3 Ch\u00ed Minh"",""lat"":10.825670872000046,""lng"":106.62643487100007},{""province_id"":122,""district_id"":310,""address"":""To\u00e0n TP H\u1ed3 Ch\u00ed Minh"",""lat"":10.848834321000027,""lng"":106.71977943100006},{""province_id"":122,""district_id"":313,""address"":""To\u00e0n TP H\u1ed3 Ch\u00ed Minh"",""lat"":10.8165824,""lng"":106.7056605},{""province_id"":122,""district_id"":312,""address"":""To\u00e0n TP H\u1ed3 Ch\u00ed Minh"",""lat"":10.84975189000005,""lng"":106.65635117800008}]",1767775938,1,2,0,,,,2,,202080783,100000006,tuyetkt@nhanlucsieuviet.com,"Công Ty Cổ Phần Kinh Doanh F88",cong-ty-co-phan-kinh-doanh-f88,1,1,1,https://cdn1.vieclam24h.vn/tvn/asset/home/img/employer/5fcef82a52656_1607399466.jpg?v=220513,5,6724,200734387,vl24h,"Giao Dịch Viên Làm Tại Văn Phòng Lương 10 - 20Tr / Tháng",giao-dich-vien-lam-tai-van-phong-luong-10-20tr-thang,5,"13; 30; 18",178,"159; 114; 175; 167; 127","116; 118; 124; 126; 128","393; 592; 655; 664; 194",,202080783,0,0,10,1,0,50,,0,1769878799,0,4,1,1,0,0,1,1,0,1,1,199,"c(0, 178); c(199, 174)",1767775789,1767775923,17,0,0,"Phòng nhân sự","G-Group Tower, Số 5 Nguyễn Thị Duệ, P. Yên Hoà, Q. Cầu Giấy, TP. Hà Nội",0,,,"<ul><li style=""text-align:justify;""><span>Ưu tiên ứng viên tốt nghiệp THPT trở lên</span></li><li style=""text-align:justify;""><span>Độ tuổi: 18 – 35 tuổi; Ngoại hình ưa nhìn.</span></li><li style=""text-align:justify;""><span>Tính cách trung thực, tận tâm, nhiệt huyết, có tinh thần trách nhiệm cao.</span></li><li style=""text-align:justify;""><span>Khả năng giao tiếp, giải quyết tình huống, làm việc nhóm và chịu áp lực công việc tốt</span></li><li style=""text-align:justify;""><span>Thành thạo tin học văn phòng cơ bản.</span></li></ul>","<ul><li style=""text-align:justify;""><span>Ưu tiên ứng viên tốt nghiệp THPT trở lên</span></li><li style=""text-align:justify;""><span>Độ tuổi: 18 – 35 tuổi; Ngoại hình ưa nhìn.</span></li><li style=""text-align:justify;""><span>Tính cách trung thực, tận tâm, nhiệt huyết, có tinh thần trách nhiệm cao.</span></li><li style=""text-align:justify;""><span>Khả năng giao tiếp, giải quyết tình huống, làm việc nhóm và chịu áp lực công việc tốt</span></li><li style=""text-align:justify;""><span>Thành thạo tin học văn phòng cơ bản.</span></li></ul>",1767775790,"101013617:101013619; c(""vl24h.jobbox.basic"", ""vl24h.jobbox.trangchu_tuyengap"", ""vl24h.jobbox.uutien_trangnganh""); c(NA, NA, 178); c(NA, NA, 30); c(NA, 2, 2); c(NA, NA, NA); c(1770137999, 1768323599, 1768928399); c(1767775921, 1767775921, 1767775922); c(3, 1, 3); 202859617:202859619",1767775922,21,10000000,20000000,24,0,0,,true,0,"[{""province_id"":116,""district_id"":393,""address"":""To\u00e0n t\u1ec9nh L\u00e2m \u0110\u1ed3ng"",""lat"":11.939740088142669,""lng"":108.44032829146093},{""province_id"":118,""district_id"":592,""address"":""KP4 N\u1ed9i \u00d4 B, TT. G\u00f2 D\u1ea7u\/ 315 \u1ea4p Su\u1ed1i Cao A, X\u00e3 Ph\u01b0\u1edbc \u0110\u00f4ng\/ Ng\u00e3 Ba Hai Ch\u00e2u, TX. Tr\u1ea3ng B\u00e0ng "",""lat"":11.0407972,""lng"":106.3588236},{""province_id"":124,""district_id"":655,""address"":""To\u00e0n t\u1ec9nh Ti\u1ec1n Giang"",""lat"":10.3552156,""lng"":106.6586375},{""province_id"":126,""district_id"":664,""address"":""To\u00e0n t\u1ec9nh Tr\u00e0 Vinh"",""lat"":9.896333199999999,""lng"":106.0535381},{""province_id"":128,""district_id"":194,""address"":""To\u00e0n t\u1ec9nh \u0110\u1ed3ng Th\u00e1p"",""lat"":10.553006700000026,""lng"":105.48448320000006}]",1767775921,1,2,0,,,,2,,202080783,100000006,tuyetkt@nhanlucsieuviet.com,"Công Ty Cổ Phần Kinh Doanh F88",cong-ty-co-phan-kinh-doanh-f88,1,1,1,https://cdn1.vieclam24h.vn/tvn/asset/home/img/employer/5fcef82a52656_1607399466.jpg?v=220513,5,6725,200724167,vl24h,"Nhân Viên Giao Hàng / Shipper (Thư & Hàng Nhẹ)",nhan-vien-giao-hang-shipper-thu-hang-nhe,5,"16; 49; 38",152,"162; 140; 141; 179; 126",73,"246; 237; 241; 247; 245",vl24h.default,4253908,97,781,10,1,0,50,,0,1768755599,0,0,1,1,0,0,1,1,0,1,1,199,"0; 199",1766022672,1767771823,1466,37,0,"Tuyển dụng NetPost","Tầng 5 Toà nhà Elcom, ngõ 15 phố Duy Tân, Phường Cầu Giấy, TP Hà Nội",0,,,"<ul><li class=""MsoNormal"" style=""text-align:justify;""><span style=""color:#050505;"">Nam, đủ 18 tuổi trở lên</span></li><li class=""MsoNormal"" style=""text-align:justify;""><span style=""color:#050505;"">Sức khỏe tốt</span></li><li class=""MsoNormal"" style=""text-align:justify;"">Ưu tiên ứng viên quen thuộc đường xá trong khu vực ứng tuyển</li><li class=""MsoNormal"" style=""text-align:justify;"">Có kinh nghiệm giao hàng là lợi thế lớn. Nếu không có sẽ được đào tạo từ đầu<o:p></o:p></li><li class=""MsoNormal"" style=""text-align:justify;""><span style=""color:#050505;"">Chăm chỉ, chịu khó</span><o:p></o:p></li><li class=""MsoNormal"" style=""text-align:justify;""><span style=""color:#050505;"">Có xe máy di chuyển &amp; có điện thoại</span><o:p></o:p></li></ul>","<ul><li class=""MsoNormal"" style=""text-align:justify;""><span style=""color:#050505;"">Nam, đủ 18 tuổi trở lên</span></li><li class=""MsoNormal"" style=""text-align:justify;""><span style=""color:#050505;"">Sức khỏe tốt</span></li><li class=""MsoNormal"" style=""text-align:justify;"">Ưu tiên ứng viên quen thuộc đường xá trong khu vực ứng tuyển</li><li class=""MsoNormal"" style=""text-align:justify;"">Có kinh nghiệm giao hàng là lợi thế lớn. Nếu không có sẽ được đào tạo từ đầu<o:p></o:p></li><li class=""MsoNormal"" style=""text-align:justify;""><span style=""color:#050505;"">Chăm chỉ, chịu khó</span><o:p></o:p></li><li class=""MsoNormal"" style=""text-align:justify;""><span style=""color:#050505;"">Có xe máy di chuyển &amp; có điện thoại</span><o:p></o:p></li></ul>",1766024307,"c(101001741, 101008230); c(""vl24h.jobbox.basic"", ""vl24h.jobbox.trangchu_tuyengap""); c(NA, NA); c(NA, NA); c(NA, 1); c(NA, 2); c(1768755599, 1767891599); c(1766022806, 1766974893); c(3, 3); c(202766582, 202772004)",1767772440,21,11000000,14000000,11,0,0,,false,0,"[{""province_id"":73,""district_id"":246,""address"":""34 Ph\u1ea1m Th\u1eadn Du\u1eadt"",""lat"":21.0671449,""lng"":105.7849515},{""province_id"":73,""district_id"":237,""address"":""25 \u00d4 Ch\u1ee3 D\u1eeba"",""lat"":21.01909781200004,""lng"":105.82827838500003},{""province_id"":73,""district_id"":241,""address"":""330 Quang Trung"",""lat"":20.96399255600005,""lng"":105.76685074300008},{""province_id"":73,""district_id"":247,""address"":""2 H\u00e0m Nghi"",""lat"":21.035144692000074,""lng"":105.76311656800004},{""address"":""159 Ng\u00f4 Xu\u00e2n Qu\u1ea3ng"",""district_id"":245,""province_id"":73,""lat"":21.01503067400006,""lng"":105.93642465800008}]",1766022806,1,1,0,,,"bio; dob",2,"100161438; NA; vl24h.refresh_hour; NA; NA; vl24h.jobbox.basic; 1766456878; 1767977999; list(""vl24h.refresh_hour""); NA; 200160739",4253908,3090,huongvt@nhanlucsieuviet.com,"Công Ty CP Chuyển Phát Nhanh Netpost Việt Nam",cong-ty-cp-chuyen-phat-nhanh-netpost-viet-nam,1,1,1,https://cdn1.vieclam24h.vn/images/default/2024/03/15/z4907907312772_1c949c9ff2914f8b10b1d57990eac941_171049663182.jpg?v=220513,90,4986,200727203,vl24h,"Kế Toán Tổng Hợp - Quận 2 - Nhân Việc Ngay",ke-toan-tong-hop-quan-2-nhan-viec-ngay,5,"17; 26; 1",118,"120; 172; 118",122,310,,202249947,60,3096,1,1,0,0,,0,1768928399,0,0,3,5,0,0,1,1,0,1,1,199,"c(0, 118); c(170, 199)",1766471247,1767765850,838,6,0,"Anh Việt ","34 Nguyễn Duy Hiệu - Phường Thảo Điền - Thành phố Thủ Đức - TP Hồ Chí Minh.",0,,,"<ul><li><span class="""">Tốt nghiệp <strong>Cao đẳng/ Đại học</strong> chuyên ngành Tài chính - Kế toán.</span></li><li><span class="""">Tối thiểu 03 năm kinh nghiệm Kế toán Tổng hợp.</span></li><li><span class=""""><strong>Giới tính: Nữ.</strong></span></li><li><span class="""">Bắt buộc: Đã từng vận hành trên các hệ thống ERP (Odoo, SAP, Oracle, NetSuite, Bravo...).</span></li><li><span class=""""><strong>Lưu ý: Không phù hợp với ứng viên chỉ có kinh nghiệm làm trên Excel hoặc phần mềm kế toán offline (MISA SME đơn thuần).</strong></span></li><li><span class="""">Tư duy ""Dữ liệu duy nhất"": Hiểu rõ mối quan hệ logic giữa các phân hệ (VD: Nhập kho sai sẽ dẫn đến Kế toán kho sai).</span></li><li><span class=""""><strong>Kỹ năng Tiếng Anh: Đọc hiểu tốt giao diện phần mềm và tài liệu hướng dẫn tiếng Anh.</strong></span></li><li><span class="""">Cẩn trọng, nguyên tắc: Sai một ly, đi một dặm trên hệ thống.</span></li><li><span class="""">Quyết liệt: Dám yêu cầu các bộ phận khác làm đúng quy trình chuẩn hóa.</span></li><li><span class="""">Đã từng trực tiếp sử dụng Odoo (đặc biệt là các phiên bản từ 14.0 trở lên).</span></li><li><span class="""">Có kinh nghiệm làm việc trong mô hình chuỗi hoặc công ty có nhiều chi nhánh (Multi-company).</span></li><li><span class="""">Nhà gần khu vực làm việc (di chuyển ≤ 30 phút).</span></li></ul>","<ul><li><span class="""">Tốt nghiệp <strong>Cao đẳng/ Đại học</strong> chuyên ngành Tài chính - Kế toán.</span></li><li><span class="""">Tối thiểu 03 năm kinh nghiệm Kế toán Tổng hợp.</span></li><li><span class=""""><strong>Giới tính: Nữ.</strong></span></li><li><span class="""">Bắt buộc: Đã từng vận hành trên các hệ thống ERP (Odoo, SAP, Oracle, NetSuite, Bravo...).</span></li><li><span class=""""><strong>Lưu ý: Không phù hợp với ứng viên chỉ có kinh nghiệm làm trên Excel hoặc phần mềm kế toán offline (MISA SME đơn thuần).</strong></span></li><li><span class="""">Tư duy ""Dữ liệu duy nhất"": Hiểu rõ mối quan hệ logic giữa các phân hệ (VD: Nhập kho sai sẽ dẫn đến Kế toán kho sai).</span></li><li><span class=""""><strong>Kỹ năng Tiếng Anh: Đọc hiểu tốt giao diện phần mềm và tài liệu hướng dẫn tiếng Anh.</strong></span></li><li><span class="""">Cẩn trọng, nguyên tắc: Sai một ly, đi một dặm trên hệ thống.</span></li><li><span class="""">Quyết liệt: Dám yêu cầu các bộ phận khác làm đúng quy trình chuẩn hóa.</span></li><li><span class="""">Đã từng trực tiếp sử dụng Odoo (đặc biệt là các phiên bản từ 14.0 trở lên).</span></li><li><span class="""">Có kinh nghiệm làm việc trong mô hình chuỗi hoặc công ty có nhiều chi nhánh (Multi-company).</span></li><li><span class="""">Nhà gần khu vực làm việc (di chuyển ≤ 30 phút).</span></li></ul>",1766475184,"c(101005331, 101008932); c(""vl24h.jobbox.basic"", ""vl24h.jobbox.trangchu_tuyengap""); c(NA, 118); c(NA, 17); c(NA, 2); c(NA, NA); c(1769187599, 1767977999); c(1766476992, 1767059658); c(1, 3); c(202769527, 202772607)",1767772440,21,12000000,15000000,13,0,0,,true,0,"[{""province_id"":122,""district_id"":310,""address"":""34 Nguy\u1ec5n Duy Hi\u1ec7u, Ph\u01b0\u1eddng An Kh\u00e1nh"",""lat"":10.802468,""lng"":106.735006}]",1766476992,1,2,0,,,,2,"100161663; NA; vl24h.refresh_hour; NA; NA; vl24h.jobbox.basic; 1766713239; 1768237199; list(""vl24h.refresh_hour""); NA; 200160953",202249947,100001344,duyenntt@nhanlucsieuviet.com,"Công Ty Tnhh Note",cong-ty-tnhh-note,1,1,1,https://cdn1.vieclam24h.vn/images/default/2023/08/22/LOGO_169269521439.jpeg?v=220513,0,07,200731734,vl24h,"[Phú Mỹ Brvt] Thu Mua Cho Dự Án Xây Dựng (Procurement – Domestic)",phu-my-brvt-thu-mua-cho-du-an-xay-dung-procurement-domestic,3,"14; 31; 27",117,"147; 143; 282",121,18,,202354526,33,118,2,1,0,50,,0,1769878799,0,1,1,5,0,0,1,1,0,1,1,199,"c(0, 147); c(199, 174)",1767322601,1767774954,266,4,0,"Chị Huyền","Tầng 11, Tòa nhà Victory, Số 12 Tân Trào, Phường Tân Mỹ, TP Hồ Chí Minh, Việt Nam",0,,,"<div>- Tối thiểu 3 năm kinh nghiệm trong lĩnh vực thu mua cho các dự án xây dựng.<br>- Am hiểu về thị trường vật tư xây dựng và các quy trình mua sắm.<br>- Kỹ năng đàm phán, giao tiếp tốt và có khả năng làm việc độc lập, chịu được áp lực cao.</div><div>- Vui lòng gửi CV bằng<strong> tiếng Anh</strong> hoặc <strong>tiếng Hàn (kèm bằng cấp liên quan)</strong></div>","<div>- Tối thiểu 3 năm kinh nghiệm trong lĩnh vực thu mua cho các dự án xây dựng.<br>- Am hiểu về thị trường vật tư xây dựng và các quy trình mua sắm.<br>- Kỹ năng đàm phán, giao tiếp tốt và có khả năng làm việc độc lập, chịu được áp lực cao.</div><div>- Vui lòng gửi CV bằng<strong> tiếng Anh</strong> hoặc <strong>tiếng Hàn (kèm bằng cấp liên quan)</strong></div>",1767327032,"c(101011359, 101011370, 101011371); c(""vl24h.jobbox.basic"", ""vl24h.jobbox.trangchu_tuyengap"", ""vl24h.jobbox.uutien_trangnganh""); c(NA, NA, 147); c(NA, NA, 14); c(NA, 2, 2); c(NA, NA, NA); c(1769965199, 1768150799, 1768755599); c(1767585443, 1767585631, 1767585632); c(3, 1, 3); c(202856994, 202857004, 202857005)",1767772440,21,25000000,30000000,24,0,0,,true,0,"[{""province_id"":121,""district_id"":18,""address"":""D\u1ef1 \u00e1n Seah M&S - L\u00f4 F4, khu c\u00f4ng nghi\u1ec7p chuy\u00ean s\u00e2u Ph\u00fa M\u1ef9 3, Ph\u01b0\u1eddng T\u00e2n Ph\u01b0\u1edbc"",""lat"":10.5316308,""lng"":107.08008}]",1767585443,1,2,0,,,,2,"100162182; NA; vl24h.refresh_hour; NA; NA; vl24h.jobbox.basic; 1767585633; 1768755599; list(""vl24h.refresh_hour""); NA; 200161452",202354526,100001268,viptt@nhanlucsieuviet.com,"Công Ty TNHH Kỹ Thuật Và Xây Dựng Dae Ah",cong-ty-tnhh-ky-thuat-va-xay-dung-dae-ah,1,1,1,https://cdn1.vieclam24h.vn/images/default/2025/10/09/img-1760001771031_176000177184.png?v=220513,0,08,200725260,vl24h,"Nhân Viên Thiết Kế Rập, Thu Nhập 12-20 Triệu (Ưu Tiên Biết Tiếng Trung)",nhan-vien-thiet-ke-rap-thu-nhap-12-20-trieu-uu-tien-biet-tieng-trung,5,"3; 40",132,"170; 156; 169; 168",122,326,,201387946,0,0,3,1,0,0,,0,1769705999,0,4,1,3,0,0,1,1,0,1,1,199,"c(0, 170); c(170, 199)",1766124947,1767683399,795,1,0,"Ms Kim Chân","Khu C, lô R.29b-33-35-37-39, đường Tân Thuận, khu chế xuất T, Phường Tân Thuận Đông, Quận 7, TP Hồ Chí Minh",0,,,"<p><strong>Thông thạo tiếng Trung (Nghe, Nói, Đọc, Viết). Hiểu rõ các tài liệu kỹ thuật và văn bản.</strong><br>Ưu tiên Người gốc Hoa hoặc người có khả năng đọc hiểu chữ Phồn thể.<br><span style=""background-color:rgb(255,255,255);color:rgb(8,27,58);"">Ưu tiên người biết phần mềm Lectra</span><br>Trình độ: Tốt nghiệp lớp 12 trở lên.<br>Siêng năng, ham học hỏi, có tinh thần cầu tiến và chịu được áp lực công việc.<br><strong>Nhận Nam, Nữ. Không phân biệt tuổi tác</strong></p><p>&nbsp;</p><p><strong>1. &nbsp; &nbsp;中文聽、說、讀、寫流利，能處理繁體字文件者優先。</strong></p><p><strong>2. &nbsp; &nbsp;華僑優先考慮。</strong></p><p><strong>3. &nbsp; &nbsp;高中以上學歷，男女不限，年齡不限。</strong></p><p><strong>4. &nbsp; &nbsp;吃苦耐勞，具備良好的工作態度和抗壓能力。</strong></p><p>&nbsp;</p>","<p><strong>Thông thạo tiếng Trung (Nghe, Nói, Đọc, Viết). Hiểu rõ các tài liệu kỹ thuật và văn bản.</strong><br>Ưu tiên Người gốc Hoa hoặc người có khả năng đọc hiểu chữ Phồn thể.<br><span style=""background-color:rgb(255,255,255);color:rgb(8,27,58);"">Ưu tiên người biết phần mềm Lectra</span><br>Trình độ: Tốt nghiệp lớp 12 trở lên.<br>Siêng năng, ham học hỏi, có tinh thần cầu tiến và chịu được áp lực công việc.<br><strong>Nhận Nam, Nữ. Không phân biệt tuổi tác</strong></p><p>&nbsp;</p><p><strong>1. &nbsp; &nbsp;中文聽、說、讀、寫流利，能處理繁體字文件者優先。</strong></p><p><strong>2. &nbsp; &nbsp;華僑優先考慮。</strong></p><p><strong>3. &nbsp; &nbsp;高中以上學歷，男女不限，年齡不限。</strong></p><p><strong>4. &nbsp; &nbsp;吃苦耐勞，具備良好的工作態度和抗壓能力。</strong></p><p>&nbsp;</p>",1766124949,"c(101003610, 101009635); c(""vl24h.jobbox.basic"", ""vl24h.jobbox.trangchu_tuyengap""); c(NA, 170); c(NA, 3); c(NA, 2); c(NA, NA); c(1768928399, 1767977999); c(1766201694, 1767090475); c(1, 3); c(202768124, 202773217)",1767772440,21,12000000,20000000,22,0,0,,true,0,"[{""province_id"":122,""district_id"":326,""address"":""Khu C, l\u00f4 R.29b-33-35-37-39, \u0111\u01b0\u1eddng T\u00e2n Thu\u1eadn, khu ch\u1ebf xu\u1ea5t T, Ph\u01b0\u1eddng T\u00e2n Thu\u1eadn \u0110\u00f4ng"",""lat"":10.7601247,""lng"":106.7460161}]",1766201694,1,2,0,,,,2,"100161644; NA; vl24h.refresh_hour; NA; NA; vl24h.jobbox.basic; 1766658851; 1768150799; list(""vl24h.refresh_hour""); NA; 200160934",201387946,2117,hangnt1@nhanlucsieuviet.com,"Công Ty Trách Nhiệm Hữu Hạn Hung Way",cong-ty-trach-nhiem-huu-han-hung-way,1,1,1,"https://cdn1.vieclam24h.vn/images/employer_avatar/2023/04/25/download (3)_168238621093.png?v=220513",80,46579,200730280,vl24h,"Chuyên Viên Tư Vấn Tuyển Sinh - Có Sẵn Data (Lương 10-25 Triệu)",chuyen-vien-tu-van-tuyen-sinh-co-san-data-luong-10-25-trieu,5,"13; 30; 32",138,"159; 114; 175; 178",73,"236; 239",,202370219,100,1818,3,1,0,0,,0,1769446799,0,0,3,3,0,0,1,1,0,1,1,199,"c(0, 159); c(199, 174)",1767002201,1767598526,453,5,0,"Huyen Pham","số 28, xóm Đình, thôn Rùa Hạ, Xã Tam Hưng, TP Hà Nội",0,,,"<ul><li class=""MsoNormal"">Nữ, từ 21-35 tuổi<o:p></o:p></li><li class=""MsoNormal"">Có niềm yêu thích với hội hoạ<o:p></o:p></li><li class=""MsoNormal"">Có kinh nghiệm làm sales từ 1-2 năm (ưu tiên có kinh nghiệm sales trong ngành Giáo Dục, Spa, Gym, Mỹ Phẩm)<o:p></o:p></li><li class=""MsoNormal"">Thái độ làm việc nhiệt huyết, trung thực, tận tâm và xông pha<o:p></o:p></li></ul>","<ul><li class=""MsoNormal"">Nữ, từ 21-35 tuổi<o:p></o:p></li><li class=""MsoNormal"">Có niềm yêu thích với hội hoạ<o:p></o:p></li><li class=""MsoNormal"">Có kinh nghiệm làm sales từ 1-2 năm (ưu tiên có kinh nghiệm sales trong ngành Giáo Dục, Spa, Gym, Mỹ Phẩm)<o:p></o:p></li><li class=""MsoNormal"">Thái độ làm việc nhiệt huyết, trung thực, tận tâm và xông pha<o:p></o:p></li></ul>",1767061177,"c(101009026, 101009685, 101009761); c(""vl24h.jobbox.basic"", ""vl24h.jobbox.trangchu_tuyengap"", ""vl24h.jobbox.uutien_trangnganh""); c(NA, NA, 159); c(NA, NA, 13); c(NA, 1, 1); c(NA, 2, 2); c(1769792399, 1768064399, 1768064399); c(1767061885, 1767145099, 1767147977); c(1, 1, 3); c(202772688, 202773260, 202773335)",1767776340,21,10000000,25000000,19,0,0,,true,0,"[{""province_id"":73,""district_id"":236,""address"":""75 Nguy\u1ec5n Th\u1ecb \u0110\u1ecbnh, Ph\u01b0\u1eddng Y\u00ean H\u00f2a"",""lat"":21.010138555000026,""lng"":105.80470609100007},{""province_id"":73,""district_id"":239,""address"":""151A Nguy\u1ec5n \u0110\u1ee9c C\u1ea3nh, Ph\u01b0\u1eddng T\u01b0\u01a1ng Mai"",""lat"":20.987189070000056,""lng"":105.85127233600008}]",1767061885,1,2,0,,,,2,"100162227; NA; vl24h.refresh_hour; NA; NA; vl24h.jobbox.basic; 1767593637; 1768755599; list(""vl24h.refresh_hour""); NA; 200161496",202370219,100001319,mailn@nhanlucsieuviet.com,"Công Ty TNHH Thương Mại Khải Linh - Hà Nội",cong-ty-tnhh-thuong-mai-khai-linh-ha-noi,1,1,1,https://cdn1.vieclam24h.vn/images/employer_avatar/2025/12/29/z7377555425252_32157c9fd7c61c8b6a1f6f8fdfe3150f_176700339595.jpg?v=220513,0,010,200724961,vl24h,"Kỹ Thuật Viên / Thợ Lập Trình Máy Tiện CNC Tự Động",ky-thuat-vien-tho-lap-trinh-may-tien-cnc-tu-dong,5,"47; 34",162,"128; 136; 149; 150; 142; 129",84,609,,202359960,0,0,4,1,0,0,,0,1768496399,0,0,1,7,0,0,1,1,0,1,1,199,"0; 199",1766108288,1767749702,338,0,0,"Phạm Ngọc Vinh","Lô 01, Khu Công nghiệp ĐiềmThụy, Xã Điềm Thụy, Thái Nguyên",0,,,"<ul><li>Có <strong>từ 5 năm kinh nghiệm</strong> ở vị trí tương đương.</li><li>Am hiểu máy tiện CNC tự động, dụng cụ cắt gọt, công nghệ gia công cơ khí.</li><li>Nhanh nhẹn, chủ động, có trách nhiệm trong công việc.</li></ul>","<ul><li>Có <strong>từ 5 năm kinh nghiệm</strong> ở vị trí tương đương.</li><li>Am hiểu máy tiện CNC tự động, dụng cụ cắt gọt, công nghệ gia công cơ khí.</li><li>Nhanh nhẹn, chủ động, có trách nhiệm trong công việc.</li></ul>",1766628208,"c(101006390, 101012955); c(""vl24h.jobbox.basic"", ""vl24h.jobbox.trangchu_tuyengap""); c(NA, NA); c(NA, NA); c(NA, 1); c(NA, 2); c(1769360399, 1768323599); c(1766628576, 1767749702); c(1, 3); c(202770428, 202859130)",1767776460,21,20000000,22000000,8,0,0,,true,0,"[{""province_id"":84,""district_id"":609,""address"":""L\u00f4 01, Khu C\u00f4ng nghi\u1ec7p \u0110i\u1ec1mTh\u1ee5y, X\u00e3 \u0110i\u1ec1m Th\u1ee5y, Th\u00e1i Nguy\u00ean"",""lat"":21.464407,""lng"":105.8922112}]",1766628576,1,2,0,,,,2,"100161806; NA; vl24h.refresh_hour; NA; NA; vl24h.jobbox.basic; 1766974176; 1768496399; list(""vl24h.refresh_hour""); NA; 200161089",202359960,2149,anptk@nhanlucsieuviet.com,"Công Ty TNHH Young Jin Hi - Tech Việt Nam",cong-ty-tnhh-young-jin-hi-tech-viet-nam,1,1,1,https://cdn1.vieclam24h.vn/images/employer_avatar/2025/11/27/z7267767959782_0dc003c21e37989628c1a3af83b7ab40_176422716546.jpg?v=220513,0,011,200728571,vl24h,"Sales Admin",sales-admin,5,"17; 26; 13",118,"159; 114; 175; 118",73,240,,855567,17,272,1,1,1,0,,0,1768409999,0,2,1,3,0,0,1,1,0,1,1,199,"0; 199",1766650343,1767694677,590,13,0,"Phòng nhân sự","Nhà B1-9 KĐT 54 phố Hạ Đình - Thanh Xuân - Hà Nội",0,"- Phải có kinh nghiệm
- Thi hành nhiệm vụ chính xác và đúng quy định.
- Đủ sức khỏe .Sẵn sàng làm việc ngoài giờ theo yêu cầu của công việc được giao.
- Có bằng lái xe hạng B2, C trở lên, hiểu biết cơ bản về sửa chữa xe ô tô
- Có kinh nghiệm lái xe từ 5 năm trở lên.
- Thông thạo đường các tỉnh Phía Bắc và Hà Nội.
- Lễ phép, giao tiếp tốt. Ăn mặc lịch sự.
- Trình độ: 12/12","- Phải có kinh nghiệm<br />- Thi hành nhiệm vụ chính xác và đúng quy định.<br />- Đủ sức khỏe .Sẵn sàng làm việc ngoài giờ theo yêu cầu của công việc được giao.<br />- Có bằng lái xe hạng B2, C trở lên, hiểu biết cơ bản về sửa chữa xe ô tô<br />- Có kinh nghiệm lái xe từ 5 năm trở lên.<br />- Thông thạo đường các tỉnh Phía Bắc và Hà Nội.<br />- Lễ phép, giao tiếp tốt. Ăn mặc lịch sự.<br />- Trình độ: 12/12","<ul><li class=""MsoListParagraphCxSpFirst"">Tốt nghiệp cao đẳng/ Đại học chuyên ngành kế toán, hoặc các ngành nghề liên quan</li><li class=""MsoListParagraphCxSpFirst""><span style=""background-color:white;color:black;"">Tổ chức, sắp xếp và xây dựng kế hoạch để thực hiện nhiệm vụ được phân công.</span><o:p></o:p></li><li class=""MsoListParagraphCxSpMiddle""><span style=""background-color:white;color:black;"">Biết tổng hợp và phân tích báo cáo. Thi hành nhiệm vụ chính xác và đúng quy định.</span><o:p></o:p></li><li class=""MsoListParagraphCxSpMiddle""><span>Có thái độ làm việc, ứng xử nhanh nhẹn, linh hoạt, khéo léo.</span><o:p></o:p></li><li class=""MsoListParagraphCxSpMiddle""><span style=""background-color:white;color:black;"">Sử dụng máy vi tính thành thạo( phần mềm excel, phần mềm kế toán).</span><o:p></o:p></li><li class=""MsoListParagraphCxSpLast""><span>Các yêu cầu khác trao đổi trực tiếp.</span><o:p></o:p></li></ul>","<ul><li class=""MsoListParagraphCxSpFirst"">Tốt nghiệp cao đẳng/ Đại học chuyên ngành kế toán, hoặc các ngành nghề liên quan</li><li class=""MsoListParagraphCxSpFirst""><span style=""background-color:white;color:black;"">Tổ chức, sắp xếp và xây dựng kế hoạch để thực hiện nhiệm vụ được phân công.</span><o:p></o:p></li><li class=""MsoListParagraphCxSpMiddle""><span style=""background-color:white;color:black;"">Biết tổng hợp và phân tích báo cáo. Thi hành nhiệm vụ chính xác và đúng quy định.</span><o:p></o:p></li><li class=""MsoListParagraphCxSpMiddle""><span>Có thái độ làm việc, ứng xử nhanh nhẹn, linh hoạt, khéo léo.</span><o:p></o:p></li><li class=""MsoListParagraphCxSpMiddle""><span style=""background-color:white;color:black;"">Sử dụng máy vi tính thành thạo( phần mềm excel, phần mềm kế toán).</span><o:p></o:p></li><li class=""MsoListParagraphCxSpLast""><span>Các yêu cầu khác trao đổi trực tiếp.</span><o:p></o:p></li></ul>",1766650351,"c(101007864, 101007873); c(""vl24h.jobbox.basic"", ""vl24h.jobbox.trangchu_tuyengap""); c(NA, NA); c(NA, NA); c(NA, 1); c(NA, 2); c(1769533199, 1768323599); c(1766797712, 1766797892); c(1, 3); c(202771700, 202771708)",1767772380,21,11000000,15000000,7,0,0,,true,0,"[{""province_id"":73,""district_id"":240,""address"":""Nh\u00e0 B1-9 K\u0110T 54 ph\u1ed1 H\u1ea1 \u0110\u00ecnh \u2013 P.Thanh Xu\u00e2n Trung \u2013 Q. Thanh Xu\u00e2n - H\u00e0 N\u1ed9i"",""lat"":20.991062,""lng"":105.809626}]",1766797712,1,2,0,,,,2,"100162060; NA; vl24h.refresh_hour; NA; NA; vl24h.jobbox.basic; 1767164101; 1768669199; list(""vl24h.refresh_hour""); NA; 200161332",855567,100000007,anhmv@nhanlucsieuviet.com,"Công Ty TNHH Dược Phẩm Thiên Minh",cong-ty-tnhh-duoc-pham-thien-minh,1,1,1,https://cdn1.vieclam24h.vn/images/employer_avatar/2022/11/22/images/166908073887.png?v=220513,0,012,200728271,vl24h,"Chuyên Viên Thẩm Định Tín Dụng Qua Điện Thoại",chuyen-vien-tham-dinh-tin-dung-qua-dien-thoai,5,"19; 1; 18",154,"120; 172; 167; 127",122,314,,2945655,100,745,10,1,0,50,,0,1769014799,0,2,1,3,0,0,1,1,0,1,1,199,"c(0, 120); c(199, 174)",1766630438,1767689859,817,16,0,"Võ Trần Như Ý - Chuyên Viên Cao Cấp Phát Triển Nguồn Ứng Viên","Tầng 2, Tòa nhà REE Tower, Số 9 đường Đoàn Văn Bơ, Phường Xóm Chiếu, Thành phố Hồ Chí Minh, Việt Nam",0,,,"<p><span style=""color:rgb(0,0,0);"">- Ứng viên có kinh nghiệm làm chăm sóc khách hàng, thẩm định tại Ngân hàng hoặc các công ty tài chính là ưu thế&nbsp;</span></p><p><span style=""color:rgb(0,0,0);"">- Được hỗ trợ đào tạo thêm&nbsp;</span></p>","<p><span style=""color:rgb(0,0,0);"">- Ứng viên có kinh nghiệm làm chăm sóc khách hàng, thẩm định tại Ngân hàng hoặc các công ty tài chính là ưu thế&nbsp;</span></p><p><span style=""color:rgb(0,0,0);"">- Được hỗ trợ đào tạo thêm&nbsp;</span></p>",1766630439,"c(101006540, 101006543, 101006862); c(""vl24h.jobbox.basic"", ""vl24h.jobbox.trangchu_tuyengap"", ""vl24h.jobbox.uutien_trangnganh""); c(NA, NA, 120); c(NA, NA, 1); c(NA, 2, 2); c(NA, 2, 2); c(1769360399, 1769360399, 1769360399); c(1766632869, 1766632894, 1766650205); c(1, 1, 3); c(202770558, 202770559, 202770848)",1767777300,21,10000000,15000000,14,0,0,,true,0,"[{""province_id"":122,""district_id"":314,""address"":""144 C\u1ed9ng H\u00f2a, Ph\u01b0\u1eddng 12"",""lat"":10.80172968000005,""lng"":106.65220925300008}]",1766632869,1,2,0,,,,2,"100161888; NA; vl24h.refresh_hour; NA; NA; vl24h.jobbox.basic; 1767000294; 1768496399; list(""vl24h.refresh_hour""); NA; 200161169",2945655,2154,huyenltm@nhanlucsieuviet.com,"Công Ty Tài Chính TNHH Ngân Hàng Việt Nam Thịnh Vượng SMBC",cong-ty-tai-chinh-tnhh-ngan-hang-viet-nam-thinh-vuong-smbc,1,1,1,https://cdn1.vieclam24h.vn/images/employer_avatar/2025/07/07/05efa60521769728ce67_175187401123.jpg?v=220513,88,121813,200731564,vl24h,"Nam Nhân Viên Kinh Doanh Thị Trường - Đi Làm Ngay (Đà Nẵng)",nam-nhan-vien-kinh-doanh-thi-truong-di-lam-ngay-da-nang,5,"13; 30; 6",178,"113; 159; 114; 175",104,135,,12991536,0,0,5,1,1,0,,0,1768496399,0,2,2,1,0,0,1,1,0,1,1,199,"c(0, 159); c(199, 174)",1767175193,1767690302,404,6,0,"Anh Hoài","495/8/16 Tô Hiến Thành, phường 14, Quận 10, Tp. Hồ Chí Minh",0,"-	Tốt nghiệp trung cấp, cao đẳng, đại học chuyên ngành Quản Trị Kinh Doanh, Marketing, kỹ thuật hoặc các ngành liên quan thuộc khối kinh tế. 

-	Khả năng tiếp thu và xử lý thông tin tốt, giọng nói dễ nghe. 

-	Đam mê kinh doanh, năng động, nhạy bén. 

-	Chịu được áp lực công việc, có khả năng làm việc độc lập, có khả năng giao tiếp và thuyết phục. 

-	Thành thạo các kỹ năng vi tính văn phòng.

-       Sinh Năm từ 97, 98, 99, 2000, ..trở đi.","-	Tốt nghiệp trung cấp, cao đẳng, đại học chuyên ngành Quản Trị Kinh Doanh, Marketing, kỹ thuật hoặc các ngành liên quan thuộc khối kinh tế. <br /><br />-	Khả năng tiếp thu và xử lý thông tin tốt, giọng nói dễ nghe. <br /><br />-	Đam mê kinh doanh, năng động, nhạy bén. <br /><br />-	Chịu được áp lực công việc, có khả năng làm việc độc lập, có khả năng giao tiếp và thuyết phục. <br /><br />-	Thành thạo các kỹ năng vi tính văn phòng.<br /><br />-       Sinh Năm từ 97, 98, 99, 2000, ..trở đi.","<p class=""MsoNormal""><span style=""color:#303133;"">- Tốt nghiệp Cao đẳng trở lên chuyên ngành Quản Trị Kinh Doanh, Marketing, Kỹ thuật hoặc các ngành liên quan thuộc khối kinh tế.</span><o:p></o:p></p><p class=""MsoNormal""><span style=""color:#303133;"">- Đam mê kinh doanh, năng động, nhạy bén.</span><o:p></o:p></p><p class=""MsoNormal""><span style=""color:#303133;"">- Chịu được áp lực công việc, có khả năng làm việc độc lập, có khả năng giao tiếp và thuyết phục.</span><o:p></o:p></p><p class=""MsoNormal""><span style=""color:#303133;"">- Thành thạo các kỹ năng vi tính văn phòng.</span><o:p></o:p><o:p></o:p></p>","<p class=""MsoNormal""><span style=""color:#303133;"">- Tốt nghiệp Cao đẳng trở lên chuyên ngành Quản Trị Kinh Doanh, Marketing, Kỹ thuật hoặc các ngành liên quan thuộc khối kinh tế.</span><o:p></o:p></p><p class=""MsoNormal""><span style=""color:#303133;"">- Đam mê kinh doanh, năng động, nhạy bén.</span><o:p></o:p></p><p class=""MsoNormal""><span style=""color:#303133;"">- Chịu được áp lực công việc, có khả năng làm việc độc lập, có khả năng giao tiếp và thuyết phục.</span><o:p></o:p></p><p class=""MsoNormal""><span style=""color:#303133;"">- Thành thạo các kỹ năng vi tính văn phòng.</span><o:p></o:p><o:p></o:p></p>",1767175195,"c(101010338, 101010339, 101010379); c(""vl24h.jobbox.basic"", ""vl24h.jobbox.trangchu_tuyengap"", ""vl24h.jobbox.uutien_trangnganh""); c(NA, NA, 159); c(NA, NA, 13); c(NA, 2, 2); c(NA, 2, 2); c(1769878799, 1768064399, 1768064399); c(1767175222, 1767175245, 1767176986); c(1, 1, 3); c(202773883, 202773884, 202773930)",1767772320,21,8000000,10000000,8,0,0,,true,0,"[{""province_id"":104,""district_id"":135,""address"":""107 H\u1ed3 S\u0129 D\u01b0\u01a1ng, P. H\u00f2a Th\u1ecd \u0110\u00f4ng"",""lat"":16.017257330000064,""lng"":108.19538820100007}]",1767175222,1,2,0,,,,2,"100162274; NA; vl24h.refresh_hour; NA; NA; vl24h.jobbox.basic; 1767608370; 1768755599; list(""vl24h.refresh_hour""); NA; 200161542",12991536,2192,lanndp@nhanlucsieuviet.com,"CÔNG TY CỔ PHẦN AN LẠC PHÁT GROUP ",cong-ty-co-phan-an-lac-phat-group,1,1,1,https://cdn1.vieclam24h.vn/images/default/2023/05/03/Logo-01_168308074453.png?v=220513,0,014,200725824,vl24h,"Kỹ Sư Xây Dựng (Dân Dụng / Hạ Tầng Kỹ Thuật) - Thu Nhập Upto 25 Triệu",ky-su-xay-dung-dan-dung-ha-tang-ky-thuat-thu-nhap-upto-25-trieu,5,31,117,,"93; 90; 73","346; 45; 238",,1785827,88,1448,10,1,0,50,,0,1798131599,0,3,2,3,0,0,1,1,0,1,1,199,"0; 199",1766216179,1767770632,1192,9,0,"Chị Hương","Hưng Yên hoặc Văn Phòng Hà Nội 39 Nguyễn Đình Chiểu, Hai Bà Trưng, Hà Nội",0,,,"<div class=""ListContainerWrapper SCXW109321147 BCX0""><ul><li><span class="""">Độ tuổi từ 20 – 45 tuổi</span></li><li><span class="""">Có ít nhất từ 01 năm kinh nghiệm ở vị trí liên quan</span></li><li><span class="""">Tốt nghiệp từ Cao đẳng/ Đại học các chuyên ngành: xây dựng dân dụng và công nghiệp; kỹ thuật công trình xây dựng …</span></li><li><span class="""">Sử dụng được Word, Excel; Autocad phục vụ công việc;</span></li><li><span class="""">Có kỹ năng làm việc nhóm.</span></li><li><span class="""">Tính chủ động, trung thực, cần thận và tinh thần trách nhiệm cao.</span></li><li><span class="""">Có sức khỏe tốt chịu được áp lực công việc, sẵn sàng nhận mọi nhiệm vụ khi có yêu cầu.</span></li></ul><o:p></o:p></div>","<div class=""ListContainerWrapper SCXW109321147 BCX0""><ul><li><span class="""">Độ tuổi từ 20 – 45 tuổi</span></li><li><span class="""">Có ít nhất từ 01 năm kinh nghiệm ở vị trí liên quan</span></li><li><span class="""">Tốt nghiệp từ Cao đẳng/ Đại học các chuyên ngành: xây dựng dân dụng và công nghiệp; kỹ thuật công trình xây dựng …</span></li><li><span class="""">Sử dụng được Word, Excel; Autocad phục vụ công việc;</span></li><li><span class="""">Có kỹ năng làm việc nhóm.</span></li><li><span class="""">Tính chủ động, trung thực, cần thận và tinh thần trách nhiệm cao.</span></li><li><span class="""">Có sức khỏe tốt chịu được áp lực công việc, sẵn sàng nhận mọi nhiệm vụ khi có yêu cầu.</span></li></ul><o:p></o:p></div>",1766216182,"101003704:101003705; c(""vl24h.jobbox.basic"", ""vl24h.jobbox.trangchu_tuyengap""); c(NA, NA); c(NA, NA); c(NA, 1); c(NA, 2); c(1768928399, 1768928399); c(1766216392, 1766216452); c(1, 1); 202768195:202768196",1767776040,21,18000000,30000000,351,0,0,,true,0,"[{""province_id"":93,""district_id"":346,""address"":""KCN Y\u00ean M\u1ef9 II"",""lat"":20.877073326000072,""lng"":106.04214859000007},{""province_id"":90,""district_id"":45,""address"":""KCN \u0110\u1ed3ng Ph\u00fac"",""lat"":21.1561733,""lng"":106.2900786},{""province_id"":73,""district_id"":238,""address"":""To\u00e0n khu v\u1ef1c"",""lat"":20.9950593,""lng"":105.8618103}]",1766216392,1,2,0,,,,2,"100161521; NA; vl24h.refresh_hour; NA; NA; vl24h.jobbox.basic; 1766552249; 1768064399; list(""vl24h.refresh_hour""); NA; 200160815",1785827,100000964,uyennt@nhanlucsieuviet.com,"Công Ty Cổ Phần Xây Dựng Long Việt",cong-ty-co-phan-xay-dung-long-viet,1,1,1,https://cdn1.vieclam24h.vn/images/default/2025/12/30/img-1767068820415_176706880331.png?v=220513,0,015,200731814,vl24h,"Kế Toán Tổng Hợp (Làm Việc Tại Quận 7)",ke-toan-tong-hop-lam-viec-tai-quan-7,5,17,118,,122,326,,201235629,91,79,1,1,0,0,,0,1769878799,0,7,1,5,0,0,1,1,0,1,1,199,"0; 199",1767335628,1767768257,551,10,0,"Nguyễn Khương Duy","48 đường D4, Phường Phú Thuận, Quận 7, TP.HCM",0,,,"<ul><li class=""MsoNormal"" style=""text-align:justify;""><span>Kinh nghiệm 3-5 năm ở vị trí Kế toán tại các đơn vị chuyên về phân phối, thương mại, xuất nhập khẩu.&nbsp;</span><o:p></o:p></li><li class=""MsoNormal"" style=""text-align:justify;""><span>Có kinh nghiệm sử dụng phần mềm Misa online (Amis).</span><o:p></o:p></li><li class=""MsoNormal"" style=""text-align:justify;""><span>Có kinh nghiệm làm báo cáo thuế và quyết toán thuế là một lợi thế.&nbsp;</span><o:p></o:p></li><li class=""MsoNormal"" style=""text-align:justify;""><span>Kỷ luật, trách nhiệm, cẩn thận, có thái độ chuyên nghiệp, quan tâm việc bảo mật thông tin. &nbsp;</span><o:p></o:p></li><li class=""MsoNormal"" style=""text-align:justify;""><span>Có khả năng sắp xếp công việc hợp lý để xử lý đồng thời nhiều việc công việc khác nhau.&nbsp;</span><o:p></o:p></li></ul>","<ul><li class=""MsoNormal"" style=""text-align:justify;""><span>Kinh nghiệm 3-5 năm ở vị trí Kế toán tại các đơn vị chuyên về phân phối, thương mại, xuất nhập khẩu.&nbsp;</span><o:p></o:p></li><li class=""MsoNormal"" style=""text-align:justify;""><span>Có kinh nghiệm sử dụng phần mềm Misa online (Amis).</span><o:p></o:p></li><li class=""MsoNormal"" style=""text-align:justify;""><span>Có kinh nghiệm làm báo cáo thuế và quyết toán thuế là một lợi thế.&nbsp;</span><o:p></o:p></li><li class=""MsoNormal"" style=""text-align:justify;""><span>Kỷ luật, trách nhiệm, cẩn thận, có thái độ chuyên nghiệp, quan tâm việc bảo mật thông tin. &nbsp;</span><o:p></o:p></li><li class=""MsoNormal"" style=""text-align:justify;""><span>Có khả năng sắp xếp công việc hợp lý để xử lý đồng thời nhiều việc công việc khác nhau.&nbsp;</span><o:p></o:p></li></ul>",1767335636,"101010673:101010674; c(""vl24h.jobbox.basic"", ""vl24h.jobbox.trangchu_tuyengap""); c(NA, NA); c(NA, NA); c(NA, 2); c(NA, 2); c(1770051599, 1768237199); c(1767335857, 1767335857); c(1, 1); 202856546:202856547",1767772260,21,12000000,15000000,24,0,0,,true,0,"[{""province_id"":122,""district_id"":326,""address"":""48 \u0111\u01b0\u1eddng D4, Ph\u01b0\u1eddng Ph\u00fa Thu\u1eadn"",""lat"":10.735425827000029,""lng"":106.73831907200008}]",1767335857,1,2,0,,,,2,"100162107:100162108; c(NA, NA); c(""vl24h.refresh_hour"", ""vl24h.hot""); c(NA, NA); c(NA, NA); c(""vl24h.jobbox.basic"", ""vl24h.jobbox.trangchu_tuyengap""); c(1767335858, 1767335858); c(1768841999, 1768237199); list(""vl24h.refresh_hour"", ""vl24h.hot""); c(NA, 2); 200161378:200161379",201235629,100001308,tuyenntb@nhanlucsieuviet.com,"Công Ty TNHH Tâm Quốc Tế",cong-ty-tnhh-tam-quoc-te,1,1,1,https://cdn1.vieclam24h.vn/images/employer_avatar/2022/07/20/images/165830168227.png?v=220513,0,016,200732712,vl24h,"Nhân Viên Tư Vấn Bất Động Sản",nhan-vien-tu-van-bat-dong-san,5,"29; 13; 30",178,"159; 114; 175; 121",122,313,,202256581,0,0,20,1,0,50,,0,1770051599,0,7,1,1,0,0,1,1,0,1,1,199,"0; 199",1767598214,1767752871,321,6,0,"Nhân Sự ","236 Đinh Bộ Lĩnh - Phường 26 - Quận Bình Thạnh - TP Hồ Chí Minh.",0,,,"<ul><li>Độ tuổi: 18 – 440 tuổi. - - -&nbsp;</li><li>Đam mê kinh doanh, nhiệt huyết trong công việc.&nbsp;</li><li>Có kỹ năng giao tiếp, thuyết phục tốt.&nbsp;</li><li>Năng động, hòa đồng, ham học hỏi.&nbsp;</li></ul><p>THỜI GIAN LÀM VIỆC:&nbsp;</p><ul><li>Thứ 2 – Thứ 6: Từ 8h00 – 17h30 &nbsp;- -&nbsp;</li><li>Thứ 7: Từ 08h00 – 16:000&nbsp;</li><li>Nghỉ trưa 1,5 tiếng (Từ 12h00 – 13h30)&nbsp;</li></ul>","<ul><li>Độ tuổi: 18 – 440 tuổi. - - -&nbsp;</li><li>Đam mê kinh doanh, nhiệt huyết trong công việc.&nbsp;</li><li>Có kỹ năng giao tiếp, thuyết phục tốt.&nbsp;</li><li>Năng động, hòa đồng, ham học hỏi.&nbsp;</li></ul><p>THỜI GIAN LÀM VIỆC:&nbsp;</p><ul><li>Thứ 2 – Thứ 6: Từ 8h00 – 17h30 &nbsp;- -&nbsp;</li><li>Thứ 7: Từ 08h00 – 16:000&nbsp;</li><li>Nghỉ trưa 1,5 tiếng (Từ 12h00 – 13h30)&nbsp;</li></ul>",1767598216,"101011695:101011696; c(""vl24h.jobbox.basic"", ""vl24h.jobbox.trangchu_tuyengap""); c(NA, NA); c(NA, NA); c(NA, 2); c(NA, 2); c(1769965199, 1768150799); c(1767598296, 1767598296); c(1, 1); 202857255:202857256",1767772260,21,15000000,40000000,26,0,0,,true,0,"[{""province_id"":122,""district_id"":313,""address"":""117 Chu V\u0103n An"",""lat"":10.810645015000034,""lng"":106.70745495600005}]",1767598296,1,2,0,,,,2,"100162253:100162254; c(NA, NA); c(""vl24h.refresh_hour"", ""vl24h.hot""); c(NA, NA); c(NA, NA); c(""vl24h.jobbox.basic"", ""vl24h.jobbox.trangchu_tuyengap""); c(1767598297, 1767598297); c(1768755599, 1768150799); list(""vl24h.refresh_hour"", ""vl24h.hot""); c(NA, 2); 200161522:200161523",202256581,100001184,thuynt@nhanlucsieuviet.com,"CÔNG TY TNHH HOÀNG PHÚ ĐIỀN GROUP",cong-ty-tnhh-hoang-phu-dien-group,1,1,1,"https://cdn1.vieclam24h.vn/images/employer_avatar/2024/12/24/HPD GROUP-01_173501364092.jpg?v=220513",0,017,200730963,vl24h,"Kế Toán Tổng Hợp",ke-toan-tong-hop,5,"17; 26; 18",118,"118; 167; 127",73,234,,201574698,100,529,5,1,0,5,,0,1769533199,0,2,2,7,0,0,1,1,0,1,1,199,"0; 199",1767090325,1767700080,443,2,0,"Nhân sự","Toà NO3T1 Khu đô thị Ngoại Giao Đoàn,Phường  Xuân Đỉnh ,Hà Nội",0," * Trình độ chuyên môn:
- Không yêu cầu bằng cấp
- Tin học: Thành thạo kỹ năng tin học văn phòng
-Giới tính:Nam/Nữ 

* Kinh nghiệm : 
- Ưu tiên ứng viên có kinh nghiệm trong lĩnh vực kinh doanh vận tải biển, logistics ưu tiên sale hàng rời. (Có thể chấp nhận các bạn mới tốt nghiệp nhưng phải nhiệt huyết, đam mê và kiên trì với công việc) 

* Kiến thức chuyên môn và kỹ năng:
-Nhiệt tình năng động,nhiệt huyết với công việc 
- Phát triển các mối quan hệ thân thiết với hệ thống khách hàng. 
- Kỹ năng tổ chức công việc và quản lý thời gian.
- Kỹ năng giao tiếp tốt, tư vấn cho khách hàng trong lĩnh vực đảm nhận. 
- Kỹ năng phân tích, giải quyết vấn đề. Có khả năng làm việc độc lập. 
- Kỹ năng tiếp thu và học hỏi. 
- Nhiệt tình, mẫn cán, trung thực, thật thà, có quyết tâm gắn bó công việc và làm đến cùng công việc được giao phó"," * Trình độ chuyên môn:<br />- Không yêu cầu bằng cấp<br />- Tin học: Thành thạo kỹ năng tin học văn phòng<br />-Giới tính:Nam/Nữ <br /><br />* Kinh nghiệm : <br />- Ưu tiên ứng viên có kinh nghiệm trong lĩnh vực kinh doanh vận tải biển, logistics ưu tiên sale hàng rời. (Có thể chấp nhận các bạn mới tốt nghiệp nhưng phải nhiệt huyết, đam mê và kiên trì với công việc) <br /><br />* Kiến thức chuyên môn và kỹ năng:<br />-Nhiệt tình năng động,nhiệt huyết với công việc <br />- Phát triển các mối quan hệ thân thiết với hệ thống khách hàng. <br />- Kỹ năng tổ chức công việc và quản lý thời gian.<br />- Kỹ năng giao tiếp tốt, tư vấn cho khách hàng trong lĩnh vực đảm nhận. <br />- Kỹ năng phân tích, giải quyết vấn đề. Có khả năng làm việc độc lập. <br />- Kỹ năng tiếp thu và học hỏi. <br />- Nhiệt tình, mẫn cán, trung thực, thật thà, có quyết tâm gắn bó công việc và làm đến cùng công việc được giao phó","<ul><li><span class=""""><strong>Ưu tiên nam sinh năm 1989-1999</strong></span></li><li><span class="""">Tốt nghiệp cao đẳng, đại học chuyên ngành kế toán</span></li><li><span class="""">Sử dụng thành thạo tin học văn phòng, phần mềm kế toán, biết sử dụng phần mềm kế toán Misa là 1 lợi thế.</span></li><li><span class="""">Có kinh nghiệm làm kế toán tổng hợp từ 05 năm trở lên</span></li><li><span class="""">Chịu được áp lực công việc, có tinh thần gắn bó</span></li></ul><div>&nbsp;</div>","<ul><li><span class=""""><strong>Ưu tiên nam sinh năm 1989-1999</strong></span></li><li><span class="""">Tốt nghiệp cao đẳng, đại học chuyên ngành kế toán</span></li><li><span class="""">Sử dụng thành thạo tin học văn phòng, phần mềm kế toán, biết sử dụng phần mềm kế toán Misa là 1 lợi thế.</span></li><li><span class="""">Có kinh nghiệm làm kế toán tổng hợp từ 05 năm trở lên</span></li><li><span class="""">Chịu được áp lực công việc, có tinh thần gắn bó</span></li></ul><div>&nbsp;</div>",1767090446,"101009702:101009703; c(""vl24h.jobbox.basic"", ""vl24h.jobbox.trangchu_tuyengap""); c(NA, NA); c(NA, NA); c(NA, 1); c(NA, 2); c(1769878799, 1768064399); 1767145503:1767145504; c(1, 1); 202773278:202773279",1767776760,21,13000000,20000000,20,0,0,,true,0,"[{""province_id"":73,""district_id"":234,""address"":""S\u1ed1 7C ng\u00f5 38\/58\/17 \u0110\u01b0\u1eddng Xu\u00e2n La,Ph\u01b0\u1eddng Xu\u00e2n \u0110\u1ec9nh"",""lat"":21.0687086,""lng"":105.8049834}]",1767145503,1,2,0,,,,2,"100162034:100162035; c(NA, NA); c(""vl24h.refresh_hour"", ""vl24h.hot""); c(NA, NA); c(NA, NA); c(""vl24h.jobbox.basic"", ""vl24h.jobbox.trangchu_tuyengap""); c(1767145505, 1767145505); c(1768669199, 1768064399); list(""vl24h.refresh_hour"", ""vl24h.hot""); c(NA, 1); 200161307:200161308",201574698,589,thuylt2@nhanlucsieuviet.com,"Công Ty Cổ Phần Thương Mại Và Vận Tải Mt Hà Nội",cong-ty-co-phan-thuong-mai-va-van-tai-mt-ha-noi,1,1,1,https://cdn1.vieclam24h.vn/images/employer_avatar/2025/12/30/thiet-ke-chua-co-ten-2025-12-30t172325_176709020890.png?v=220513,0,018,200731142,vl24h,"Nhân Viên Bán Hàng Tại Quận 12",nhan-vien-ban-hang-tai-quan-12,5,"13; 30; 1",178,"120; 172; 159; 114; 175",122,"309; 312; 313; 327; 315",vl24h.default,202285658,20,262,7,1,0,50,,0,1768755599,0,4,1,1,0,0,1,1,0,1,1,199,"0; 199",1767150427,1767684781,728,12,0,"Phạm Thị Kim Ngân","Tầng 4, 5, 6 và 7, QTSC Building 1, Lô 34, đường số 14, Công viên phần mềm Quang Trung, phường Tân Chánh Hiệp, Quận 12, TP Hồ Chí Minh",0,,,"<ul><li>Tốt nghiệp THPT trở lên</li><li>Giọng nói rõ ràng, dễ nghe, không nói ngọng</li><li>Có mục tiêu rõ ràng về thu nhập cá nhân<br>&nbsp;</li></ul>","<ul><li>Tốt nghiệp THPT trở lên</li><li>Giọng nói rõ ràng, dễ nghe, không nói ngọng</li><li>Có mục tiêu rõ ràng về thu nhập cá nhân<br>&nbsp;</li></ul>",1767150901,"101009833:101009834; c(""vl24h.jobbox.basic"", ""vl24h.jobbox.trangchu_tuyengap""); c(NA, NA); c(NA, NA); c(NA, 2); c(NA, NA); c(1769878799, 1768669199); c(1767150443, 1767150443); c(1, 1); 202773397:202773398",1767777120,21,9000000,25000000,11,0,0,,true,0,"[{""province_id"":122,""district_id"":309,""address"":""L\u1ea7u 6, 7 T\u00f2a nh\u00e0 QTSC9, C\u00f4ng vi\u00ean Ph\u1ea7n  m\u1ec1m Quang Trung, Qu\u1eadn 12, TP. HCM"",""lat"":10.853930167000044,""lng"":106.62645218700004},{""province_id"":122,""district_id"":312,""address"":""L\u1ea7u 6, 7 T\u00f2a nh\u00e0 QTSC9, C\u00f4ng vi\u00ean Ph\u1ea7n  m\u1ec1m Quang Trung, Qu\u1eadn 12, TP. HCM"",""lat"":10.8476789,""lng"":106.6349953},{""province_id"":122,""district_id"":313,""address"":""L\u1ea7u 6, 7 T\u00f2a nh\u00e0 QTSC9, C\u00f4ng vi\u00ean Ph\u1ea7n  m\u1ec1m Quang Trung, Qu\u1eadn 12, TP. HCM"",""lat"":10.801736499999999,""lng"":106.7145073},{""province_id"":122,""district_id"":327,""address"":""L\u1ea7u 6, 7 T\u00f2a nh\u00e0 QTSC9, C\u00f4ng vi\u00ean Ph\u1ea7n  m\u1ec1m Quang Trung, Qu\u1eadn 12, TP. HCM"",""lat"":10.9959552,""lng"":106.5112712},{""province_id"":122,""district_id"":315,""address"":""L\u1ea7u 6, 7 T\u00f2a nh\u00e0 QTSC9, C\u00f4ng vi\u00ean Ph\u1ea7n  m\u1ec1m Quang Trung, Qu\u1eadn 12, TP. HCM"",""lat"":10.7988311,""lng"":106.6232359}]",1767150443,1,1,0,,,"dob; gender; level",2,"100162050:100162051; c(NA, NA); c(""vl24h.refresh_hour"", ""vl24h.hot""); c(NA, NA); c(NA, NA); c(""vl24h.jobbox.basic"", ""vl24h.jobbox.trangchu_tuyengap""); 1767150444:1767150445; c(1768669199, 1768669199); list(""vl24h.refresh_hour"", ""vl24h.hot""); c(NA, 2); 200161322:200161323",202285658,897,khedb@nhanlucsieuviet.com,"Công Ty TNHH Vietnam Concentrix Services",cong-ty-tnhh-vietnam-concentrix-services,1,1,1,https://cdn1.vieclam24h.vn/images/employer_avatar/2024/08/22/images_172430897893.jpg?v=220513,81,116119,200726831,vl24h,"Lao Động Phổ Thông - Làm Việc Tại Bình Dương",lao-dong-pho-thong-lam-viec-tai-binh-duong,5,"49; 47; 35",152,"158; 174; 166; 151; 152; 161; 155; 133; 164; 128; 162",119,72,,202288472,9,897,2,1,0,0,,0,1769101199,0,0,1,2,0,0,1,1,0,1,1,199,"c(0, 152); c(170, 199)",1766453465,1767683990,800,12,0,"Chị Hương","Số 11A, Đường Nguyễn Thái Bình, tổ 3, Khu 09, Phường Phú Hòa, Thành phố Thủ Dầu Một, Bình Dương",0,,,"<ul><li>Nam/Nữ, sức khỏe tốt.</li><li>Không yêu cầu kinh nghiệm, được đào tạo khi nhận việc.</li><li>Chăm chỉ, siêng năng, có trách nhiệm với công việc.</li></ul>","<ul><li>Nam/Nữ, sức khỏe tốt.</li><li>Không yêu cầu kinh nghiệm, được đào tạo khi nhận việc.</li><li>Chăm chỉ, siêng năng, có trách nhiệm với công việc.</li></ul>",1766453466,"c(101004739, 101009339); c(""vl24h.jobbox.basic"", ""vl24h.jobbox.trangchu_tuyengap""); c(NA, 152); c(NA, 49); c(NA, 2); c(NA, NA); c(1769187599, 1767977999); c(1766453611, 1767075887); c(1, 3); c(202769042, 202772967)",1767776520,21,8000000,12000000,15,0,0,,true,0,"[{""province_id"":119,""district_id"":72,""address"":""S\u1ed1 11A, \u0110\u01b0\u1eddng Nguy\u1ec5n Th\u00e1i B\u00ecnh, t\u1ed5 3, Khu 09, Ph\u01b0\u1eddng Ph\u00fa H\u00f2a"",""lat"":10.9795968,""lng"":106.6951092}]",1766453611,1,1,0,,,"bio; dob; gender",2,"100161713; NA; vl24h.refresh_hour; NA; NA; vl24h.jobbox.basic; 1766729555; 1768237199; list(""vl24h.refresh_hour""); NA; 200160998",202288472,826,hongnt@nhanlucsieuviet.com,"Công Ty TNHH Một Thành Viên Vertech",cong-ty-tnhh-mot-thanh-vien-vertech,1,1,1,https://cdn1.vieclam24h.vn/images/employer_avatar/2024/09/16/vểtch_172647415760.jpg?v=220513,13,124420,200723528,vl24h,"Nhân Viên Tư Vấn / CSKH (Làm Việc Tại Văn Phòng)",nhan-vien-tu-van-cskh-lam-viec-tai-van-phong,5,"13; 30; 6",178,"113; 159; 114; 175",122,309,,202275650,85,660,5,1,0,50,,0,1768582799,0,2,3,1,0,0,1,1,0,1,1,199,"c(0, 159); c(170, 199)",1765941405,1767673897,2003,27,0,"Giáp Đoàn Triệu Minh","107/2 Tô Ngọc Vân Khu phố 1, phường Thới An, Thành phố Hồ Chí Minh.",0,,,"<p>- Giới tính: Nữ. Độ tuổi: Từ 22 - 35</p><p>- Có kỹ năng và đam mê bán hàng, thuyết phục khách hàng, giao tiếp tốt.</p><p>- Có khả năng làm việc độc lập và theo nhóm</p><p>- Tâm thế - thái độ làm việc: Sẵn sàng – Trách nhiệm - Thấu cảm – Tự hào.&nbsp;</p><p>- Tốt nghiệp Đại học/ Cao đẳng</p>","<p>- Giới tính: Nữ. Độ tuổi: Từ 22 - 35</p><p>- Có kỹ năng và đam mê bán hàng, thuyết phục khách hàng, giao tiếp tốt.</p><p>- Có khả năng làm việc độc lập và theo nhóm</p><p>- Tâm thế - thái độ làm việc: Sẵn sàng – Trách nhiệm - Thấu cảm – Tự hào.&nbsp;</p><p>- Tốt nghiệp Đại học/ Cao đẳng</p>",1765941406,"c(101001071, 101011430); c(""vl24h.jobbox.basic"", ""vl24h.jobbox.trangchu_tuyengap""); c(NA, 159); c(NA, 13); c(NA, 2); c(NA, NA); c(1768755599, 1768755599); c(1765943279, 1767586931); c(3, 3); c(202766008, 202857051)",1767776700,21,10000000,20000000,9,0,0,,false,0,"[{""province_id"":122,""district_id"":309,""address"":""107\/2 T\u00f4 Ng\u1ecdc V\u00e2n,KP1, Ph\u01b0\u1eddng Th\u1ea1nh Xu\u00e2n"",""lat"":10.8583509,""lng"":106.6671154}]",1765943279,1,2,0,,,,2,"100161362; NA; vl24h.refresh_hour; NA; NA; vl24h.jobbox.basic; 1766377342; 1767891599; list(""vl24h.refresh_hour""); NA; 200160665",202275650,3145,quyendtt@nhanlucsieuviet.com,"Công Ty Cổ Phần In Trống Đồng",cong-ty-co-phan-in-trong-dong,1,1,1,https://cdn1.vieclam24h.vn/images/default/2024/05/30/img-1717035292607_171703529371.png?v=220513,36,42021,200615308,vl24h,"Đất Xanh Miền Bắc - Nhân Viên Kinh Doanh (Lương Cứng Lũy Tiến 15 Triệu - Hỗ Trợ Chi Phí Marketing)",dat-xanh-mien-bac-nhan-vien-kinh-doanh-luong-cung-luy-tien-15-trieu-ho-tro-chi-phi-marketing,5,"13; 29; 30",178,"159; 114; 175; 121","73; 84; 95; 86","240; 238; 609; 226; 554",,202321057,0,0,10,5,0,50,,0,1767977999,0,0,1,1,0,0,1,1,0,1,1,199,"c(0, 159); c(170, 199)",1751882193,1767573869,2632,37,0,"Nhân Sự","Tầng 8, Tòa nhà văn phòng ADG Tower, số 37 Lê Văn Thiêm, Phường Nhân Chính, Quận Thanh Xuân, Hà Nội",0,,,"<ul><li>Không yêu cầu kinh nghiệm, được đào tạo bài bản từ A - Z</li><li>Có kỹ năng giao tiếp tốt, tự tin, nhiệt tình.</li><li>Khả năng làm việc độc lập và làm việc nhóm.</li><li>Có khả năng thuyết phục và đàm phán.</li><li>Khả năng chịu áp lực công việc cao.</li></ul>","<ul><li>Không yêu cầu kinh nghiệm, được đào tạo bài bản từ A - Z</li><li>Có kỹ năng giao tiếp tốt, tự tin, nhiệt tình.</li><li>Khả năng làm việc độc lập và làm việc nhóm.</li><li>Có khả năng thuyết phục và đàm phán.</li><li>Khả năng chịu áp lực công việc cao.</li></ul>",1751882194,"c(100994611, 101004886); c(""vl24h.jobbox.basic"", ""vl24h.jobbox.trangchu_tuyengap""); c(NA, 159); c(NA, 13); c(NA, 1); c(NA, NA); c(1767977999, 1767977999); c(1765247297, 1766456717); c(1, 3); c(202760621, 202769167)",1767772260,21,20000000,200000000,2,0,0,,true,0,"[{""province_id"":73,""district_id"":240,""address"":""T\u00f2a nh\u00e0 ADG, 37 L\u00ea v\u0103n Thi\u00eam, Nh\u00e2n Ch\u00ednh"",""lat"":21.001815099000055,""lng"":105.80323276800004},{""province_id"":73,""district_id"":238,""address"":""Time City"",""lat"":20.99786686300007,""lng"":105.86758170100006},{""province_id"":84,""district_id"":609,""address"":""To\u00e0 chung c\u01b0 Tecco Elite City_\u0110\u01b0\u1eddng Quang Trung"",""lat"":21.5754665,""lng"":105.8125689},{""province_id"":95,""district_id"":226,""address"":""Khu \u0111\u00f4 th\u1ecb CEO 1, \u0111\u01b0\u1eddng L\u00ea Du\u1ea9n 42m"",""lat"":20.5332543,""lng"":105.9260533},{""province_id"":86,""district_id"":554,""address"":""V\u0103n ph\u00f2ng d\u1ef1 \u00e1n Khu \u0111\u00f4 th\u1ecb Ao Ti\u00ean, x\u00e3 H\u1ea1 Long"",""lat"":21.527968000000044,""lng"":107.97268300000007}]",1765247297,1,2,0,,,,2,"100161404; NA; vl24h.refresh_hour; NA; NA; vl24h.jobbox.basic; 1766389127; 1767891599; list(""vl24h.refresh_hour""); NA; 200160706",202321057,100000005,chinhttn@nhanlucsieuviet.com,"Công Ty Cổ Phần Dịch Vụ Bất Động Sản Dmh Group",cong-ty-co-phan-dich-vu-bat-dong-san-dmh-group,1,1,1,,0,022,200726852,vl24h,"Nhân Viên Shopdrawing",nhan-vien-shopdrawing,5,"4; 31",117,148,"104; 101; 107","131; 506; 61",vl24h.default,12879221,50,1966,5,1,0,50,,0,1769878799,0,1,2,3,0,0,1,1,0,1,1,199,"c(0, 148); c(170, 199)",1766454177,1767331377,718,3,0,"Ms Tiên","132-136 Lê Đình Lý, Phường Thanh Khê, Thành phố Đà Nẵng, Việt Nam",0,,,"<div>- Tốt nghiệp Đại học chuyên ngành liên quan.<br>- Sử dụng thành thạo AutoCad và KataPro.<br>- Có khả năng đọc và triển khai bản vẽ bằng tiếng Anh cơ bản.<br>- Có ít nhất 1 năm kinh nghiệm ở vị trí tương đương.<br>- Ưu tiên ứng viên biết sử dụng REVIT.<br>- Chi tiết công việc sẽ được trao đổi cụ thể khi phỏng vấn.</div>","<div>- Tốt nghiệp Đại học chuyên ngành liên quan.<br>- Sử dụng thành thạo AutoCad và KataPro.<br>- Có khả năng đọc và triển khai bản vẽ bằng tiếng Anh cơ bản.<br>- Có ít nhất 1 năm kinh nghiệm ở vị trí tương đương.<br>- Ưu tiên ứng viên biết sử dụng REVIT.<br>- Chi tiết công việc sẽ được trao đổi cụ thể khi phỏng vấn.</div>",1766454439,"c(101004775, 101009608); c(""vl24h.jobbox.basic"", ""vl24h.jobbox.trangchu_tuyengap""); c(NA, 148); c(NA, 4); c(NA, 2); c(NA, NA); c(1769187599, 1767977999); c(1766454192, 1767089275); c(1, 3); c(202769072, 202773195)",1767777120,21,12000000,25000000,24,0,0,,true,0,"[{""province_id"":104,""district_id"":131,""address"":""132-136 L\u00ea \u0110\u00ecnh L\u00fd"",""lat"":16.0537483,""lng"":108.2109248},{""province_id"":101,""district_id"":506,""address"":""T\u1ea1i khu v\u1ef1c"",""lat"":17.481553360000078,""lng"":106.61539643100008},{""province_id"":107,""district_id"":61,""address"":""T\u1ea1i khu v\u1ef1c"",""lat"":13.7916222,""lng"":109.1697703}]",1766454192,1,2,0,,,,1,"100161750; NA; vl24h.refresh_hour; NA; NA; vl24h.jobbox.basic; 1766735495; 1768237199; list(""vl24h.refresh_hour""); NA; 200161032",12879221,100001160,yenvh@nhanlucsieuviet.com,"Công Ty Cổ Phần Thành Quân",cong-ty-co-phan-thanh-quan,1,1,1,https://cdn1.vieclam24h.vn/tvn/images/old_employer_avatar/images/d9039f4e2bb98867bf3d936e42dea052_5aa776e6621c2_1520924390.png?v=220513,0,023,200720717,vl24h,"Nhân Viên Tư Vấn Văn Phòng",nhan-vien-tu-van-van-phong,5,"30; 1; 13",178,"120; 172; 159; 114; 175",90,45,,202366734,100,785,5,1,0,0,,0,1768582799,0,0,1,1,0,0,1,1,0,1,1,199,"c(0, 178); c(170, 199)",1765513092,1767177507,753,6,0,"Nhân Sự","50 Nguyễn Văn Bảng, khu Lãm Trại, Phường Nam Sơn",0,,,"<ul><li><span class="""">Trình độ: Tốt nghiệp THPT trở lên (Ưu tiên Cao đẳng/Đại học các ngành Kinh tế, Quản trị kinh doanh, Marketing...).</span></li><li><span class="""">Kinh nghiệm: Có kinh nghiệm làm việc ở vị trí Telesales, Telemarketing hoặc Dịch vụ khách hàng là một lợi thế</span></li><li><span class="""">Tin học: Thành thạo tin học văn phòng và biết sử dụng phần mềm CRM (Quản lý khách hàng) cơ bản.</span></li></ul>","<ul><li><span class="""">Trình độ: Tốt nghiệp THPT trở lên (Ưu tiên Cao đẳng/Đại học các ngành Kinh tế, Quản trị kinh doanh, Marketing...).</span></li><li><span class="""">Kinh nghiệm: Có kinh nghiệm làm việc ở vị trí Telesales, Telemarketing hoặc Dịch vụ khách hàng là một lợi thế</span></li><li><span class="""">Tin học: Thành thạo tin học văn phòng và biết sử dụng phần mềm CRM (Quản lý khách hàng) cơ bản.</span></li></ul>",1765513094,"c(100998206, 101008968); c(""vl24h.jobbox.basic"", ""vl24h.jobbox.trangchu_tuyengap""); c(NA, 178); c(NA, 30); c(NA, 1); c(NA, NA); c(1768582799, 1768582799); c(1765534112, 1767059954); c(1, 3); c(202763586, 202772643)",1767772260,21,10000000,30000000,9,0,0,,true,0,"[{""province_id"":90,""district_id"":45,""address"":""50 Nguy\u1ec5n V\u0103n B\u1ea3ng, khu L\u00e3m Tr\u1ea1i, Ph\u01b0\u1eddng Nam S\u01a1n"",""lat"":21.1527545,""lng"":106.0933486}]",1765534112,1,1,0,,,"dob; level",2,"100160866; NA; vl24h.refresh_hour; NA; NA; vl24h.jobbox.basic; 1765852061; 1767977999; list(""vl24h.refresh_hour""); NA; 200160184",202366734,100000006,tuyetkt@nhanlucsieuviet.com,"Công Ty Tnhh Cung Ứng Nhân Lực Đức Minh",cong-ty-tnhh-cung-ung-nhan-luc-duc-minh,1,1,1,,0,024,200726334,vl24h,"Nhân Viên Kinh Doanh Solar Thu Nhập Upto 60 Triệu",nhan-vien-kinh-doanh-solar-thu-nhap-upto-60-trieu,5,"13; 41; 30",136,"159; 114; 175; 178",73,235,,202368766,13,1734,3,1,0,0,,0,1768841999,0,0,1,2,0,0,1,1,0,1,1,199,"c(0, 159); c(199, 174)",1766380054,1767757481,598,8,0,"Cao Van Manh","Số 36, Phố Lý Sơn, Long Biên, Hà Nội",0,,,"<ul><li class=""MsoListParagraphCxSpFirst""><span>Tốt nghiệp Cao đẳng/Đại học các ngành Kinh tế, Quản trị, Điện – Điện tử.</span><o:p></o:p></li><li class=""MsoListParagraphCxSpMiddle""><span>Ưu tiên có kinh nghiệm làm việc tại&nbsp;<strong>các công ty phân phối thiết bị điện, năng lượng, camera, IT…</strong></span><o:p></o:p></li><li class=""MsoListParagraphCxSpMiddle""><span>Kiến thức cơ bản về thị trường thiết bị năng lượng tái tạo.</span><o:p></o:p></li></ul><p class=""MsoListParagraphCxSpMiddle""><span><strong>Kỹ năng mềm cần có</strong></span><o:p></o:p></p><ul><li class=""MsoListParagraphCxSpMiddle""><span>Kỹ năng giao tiếp, đàm phán &amp; thuyết phục tốt.</span><o:p></o:p></li><li class=""MsoListParagraphCxSpMiddle""><span>Kỹ năng quản lý mối quan hệ khách hàng, duy trì hợp tác lâu dài.</span><o:p></o:p></li><li class=""MsoListParagraphCxSpMiddle""><span>Khả năng lập kế hoạch, làm việc độc lập và theo nhóm.</span><o:p></o:p></li><li class=""MsoListParagraphCxSpLast""><span>Tinh thần trách nhiệm, chủ động và định hướng kết quả.</span><o:p></o:p></li></ul>","<ul><li class=""MsoListParagraphCxSpFirst""><span>Tốt nghiệp Cao đẳng/Đại học các ngành Kinh tế, Quản trị, Điện – Điện tử.</span><o:p></o:p></li><li class=""MsoListParagraphCxSpMiddle""><span>Ưu tiên có kinh nghiệm làm việc tại&nbsp;<strong>các công ty phân phối thiết bị điện, năng lượng, camera, IT…</strong></span><o:p></o:p></li><li class=""MsoListParagraphCxSpMiddle""><span>Kiến thức cơ bản về thị trường thiết bị năng lượng tái tạo.</span><o:p></o:p></li></ul><p class=""MsoListParagraphCxSpMiddle""><span><strong>Kỹ năng mềm cần có</strong></span><o:p></o:p></p><ul><li class=""MsoListParagraphCxSpMiddle""><span>Kỹ năng giao tiếp, đàm phán &amp; thuyết phục tốt.</span><o:p></o:p></li><li class=""MsoListParagraphCxSpMiddle""><span>Kỹ năng quản lý mối quan hệ khách hàng, duy trì hợp tác lâu dài.</span><o:p></o:p></li><li class=""MsoListParagraphCxSpMiddle""><span>Khả năng lập kế hoạch, làm việc độc lập và theo nhóm.</span><o:p></o:p></li><li class=""MsoListParagraphCxSpLast""><span>Tinh thần trách nhiệm, chủ động và định hướng kết quả.</span><o:p></o:p></li></ul>",1766387338,"c(101004329, 101004333, 101013296); c(""vl24h.jobbox.basic"", ""vl24h.jobbox.uutien_trangnganh"", ""vl24h.jobbox.trangchu_tuyengap""); c(NA, 159, NA); c(NA, 13, NA); c(NA, 1, 1); c(NA, 2, 2); c(1769101199, 1767891599, 1768323599); c(1766387527, 1766387596, 1767757481); c(1, 1, 3); c(202768721, 202768725, 202859393)",1767776580,21,10000000,60000000,12,0,0,,true,0,"[{""province_id"":73,""district_id"":235,""address"":""S\u1ed1 36, Ph\u1ed1 L\u00fd S\u01a1n"",""lat"":21.0689341,""lng"":105.8797613}]",1766387527,1,2,0,,,,2,"100161430; NA; vl24h.refresh_hour; NA; NA; vl24h.jobbox.basic; 1766454454; 1767977999; list(""vl24h.refresh_hour""); NA; 200160731",202368766,100000011,dungvt@nhanlucsieuviet.com,"Công Ty TNHH Sản Xuất Và Thương Mại Mp Việt Nam",cong-ty-tnhh-san-xuat-va-thuong-mai-mp-viet-nam,1,1,1,https://cdn1.vieclam24h.vn/images/default/2025/12/20/img-1766207545395_176620740875.png?v=220513,0,025,200731237,vl24h,"Nhân Viên Kinh Doanh Vinhome",nhan-vien-kinh-doanh-vinhome,5,"13; 30; 29",178,"159; 114; 175; 121",93,343,,202370897,0,0,3,1,0,0,,0,1769619599,0,0,1,3,0,0,1,1,0,1,1,199,"0; 199",1767157640,1767581176,239,0,0,"Chị Thùy","ĐLBM-01 Vinhomes Ocean Park 3, Xã Nghĩa Trụ, Tỉnh Hưng Yên, Việt Nam",0,,,"<p style=""margin-left:0in;""><span style=""color:#333333;"">- Nếu bạn đã có kinh nghiệm nhưng chưa tạo được thu nhập bứt phá thì đây là cơ hội tốt để tạo đột phá.</span><o:p></o:p></p><p style=""margin-left:0in;""><span style=""color:#333333;"">- Chương trình đào tạo bài bản chuyên nghiệp toàn bộ quy trình tìm kiếm, chăm sóc khách hàng, và chiến lược bán hàng hiệu quả.</span><o:p></o:p></p><p style=""margin-left:0in;""><span style=""color:#333333;"">- Kỹ năng giao tiếp, đàm phán và chốt sale tốt.</span><o:p></o:p></p><p style=""margin-left:0in;""><span style=""color:#333333;"">- Tác phong chuyên nghiệp, tự tin, cầu tiến.</span><o:p></o:p></p><p style=""margin-left:0in;""><span style=""color:#333333;"">- Biết sử dụng máy tính, các nền tảng mạng xã hội (Facebook, Zalo...).</span><o:p></o:p></p><p style=""margin-left:0in;""><span style=""color:#333333;"">- Có phương tiện di chuyển cá nhân để linh hoạt gặp gỡ khách hàng và đi dự án</span><o:p></o:p></p>","<p style=""margin-left:0in;""><span style=""color:#333333;"">- Nếu bạn đã có kinh nghiệm nhưng chưa tạo được thu nhập bứt phá thì đây là cơ hội tốt để tạo đột phá.</span><o:p></o:p></p><p style=""margin-left:0in;""><span style=""color:#333333;"">- Chương trình đào tạo bài bản chuyên nghiệp toàn bộ quy trình tìm kiếm, chăm sóc khách hàng, và chiến lược bán hàng hiệu quả.</span><o:p></o:p></p><p style=""margin-left:0in;""><span style=""color:#333333;"">- Kỹ năng giao tiếp, đàm phán và chốt sale tốt.</span><o:p></o:p></p><p style=""margin-left:0in;""><span style=""color:#333333;"">- Tác phong chuyên nghiệp, tự tin, cầu tiến.</span><o:p></o:p></p><p style=""margin-left:0in;""><span style=""color:#333333;"">- Biết sử dụng máy tính, các nền tảng mạng xã hội (Facebook, Zalo...).</span><o:p></o:p></p><p style=""margin-left:0in;""><span style=""color:#333333;"">- Có phương tiện di chuyển cá nhân để linh hoạt gặp gỡ khách hàng và đi dự án</span><o:p></o:p></p>",1767496380,"101010983:101010984; c(""vl24h.jobbox.basic"", ""vl24h.jobbox.trangchu_tuyengap""); c(NA, NA); c(NA, NA); c(NA, 1); c(NA, 2); c(1770224399, 1768409999); c(1767496423, 1767496444); c(1, 1); 202856744:202856745",1767774240,21,6000000,15000000,21,0,0,,true,0,"[{""province_id"":93,""district_id"":343,""address"":""\u0110LBM-01 Vinhomes Ocean Park 3, X\u00e3 Ngh\u0129a Tr\u1ee5"",""lat"":20.9541748,""lng"":105.9745063}]",1767496423,1,2,0,,,,2,"100162131; NA; vl24h.refresh_hour; NA; NA; vl24h.jobbox.basic; 1767496507; 1769014799; list(""vl24h.refresh_hour""); NA; 200161402",202370897,907,ngant@nhanlucsieuviet.com,"Công Ty Cổ Phần Tập Đoàn Vhs",cong-ty-co-phan-tap-doan-vhs,1,1,1,https://cdn1.vieclam24h.vn/images/employer_avatar/2025/12/31/download-9_176718178990.png?v=220513,0,026,200695841,vl24h,"[Unilever] Kỹ Thuật Viên Bảo Trì - Shift Technician",unilever-ky-thuat-vien-bao-tri-shift-technician,5,"10; 9; 34",155,"132; 130; 139; 171; 162; 128; 136; 149; 150; 142; 129",122,327,vl24h.default,202246538,8,7514,3,1,0,50,,0,1768150799,0,2,1,4,0,0,1,1,0,1,1,199,"c(0, 155); c(170, 199)",1762345972,1767462490,3639,36,0,Biình,"Lô A2-3 KCN Tây Bắc Củ Chi Xã Tân An Hội - Xã Tân An Hội - TP Hồ Chí Minh.",0,,,"<ul><li class=""MsoNormal"" style=""text-align:justify;""><span>Có thể làm việc theo ca;</span><o:p></o:p></li><li class=""MsoNormal"" style=""text-align:justify;""><span>Tốt nghiệp cao đẳng chuyên ngành cơ khí, điện, điều khiển tự động;</span><o:p></o:p></li><li class=""MsoNormal"" style=""text-align:justify;""><span>Khả năng đọc hiểu, viết, tính toán tốt;</span><o:p></o:p></li><li class=""MsoNormal"" style=""text-align:justify;""><span>Có kinh nghiệm làm việc trong các nhà máy sản xuất;</span><o:p></o:p></li><li class=""MsoNormal"" style=""text-align:justify;""><span>Kĩ năng giao tiếp và huấn luyện tốt;</span><o:p></o:p></li><li class=""MsoNormal"" style=""text-align:justify;""><span>Kĩ năng phân tích tốt;</span><o:p></o:p></li><li class=""MsoNormal"" style=""text-align:justify;""><span>Có kinh nghiệm làm việc trong các công ty hàng tiêu dùng nhanh FMCG là một lợi thế.</span><o:p></o:p></li></ul>","<ul><li class=""MsoNormal"" style=""text-align:justify;""><span>Có thể làm việc theo ca;</span><o:p></o:p></li><li class=""MsoNormal"" style=""text-align:justify;""><span>Tốt nghiệp cao đẳng chuyên ngành cơ khí, điện, điều khiển tự động;</span><o:p></o:p></li><li class=""MsoNormal"" style=""text-align:justify;""><span>Khả năng đọc hiểu, viết, tính toán tốt;</span><o:p></o:p></li><li class=""MsoNormal"" style=""text-align:justify;""><span>Có kinh nghiệm làm việc trong các nhà máy sản xuất;</span><o:p></o:p></li><li class=""MsoNormal"" style=""text-align:justify;""><span>Kĩ năng giao tiếp và huấn luyện tốt;</span><o:p></o:p></li><li class=""MsoNormal"" style=""text-align:justify;""><span>Kĩ năng phân tích tốt;</span><o:p></o:p></li><li class=""MsoNormal"" style=""text-align:justify;""><span>Có kinh nghiệm làm việc trong các công ty hàng tiêu dùng nhanh FMCG là một lợi thế.</span><o:p></o:p></li></ul>",1762395217,"c(100993846, 101006988); c(""vl24h.jobbox.basic"", ""vl24h.jobbox.trangchu_tuyengap""); c(NA, 155); c(NA, 10); c(NA, 2); c(NA, NA); c(1768150799, 1768150799); c(1765176277, 1766658976); c(1, 3); c(202759994, 202770941)",1767775380,21,9000000,11000000,4,0,0,,true,0,"[{""address"":""L\u00f4 A2-3 KCN T\u00e2y B\u1eafc C\u1ee7 Chi X\u00e3 T\u00e2n An H\u1ed9i - X\u00e3 T\u00e2n An H\u1ed9i - TP H\u1ed3 Ch\u00ed Minh."",""province_id"":122,""district_id"":327,""lat"":10.97988,""lng"":106.482124}]",1765176277,1,2,0,,,,2,"100161654; NA; vl24h.refresh_hour; NA; NA; vl24h.jobbox.basic; 1766658983; 1768150799; list(""vl24h.refresh_hour""); NA; 200160944",202246538,100001337,vanhtt@nhanlucsieuviet.com,"Công Ty TNHH Quốc Tế Unilever Việt Nam",cong-ty-tnhh-quoc-te-unilever-viet-nam,1,1,1,"https://cdn1.vieclam24h.vn/images/default/2023/08/02/Logo white RGB (1)_169095918869.jpg?v=220513",99,78527,200727628,vl24h,"Nhân Viên Telesale",nhan-vien-telesale,5,"13; 6; 30",178,"113; 159; 114; 175",122,314,,202369064,79,386,5,1,0,0,,0,1769014799,0,0,1,3,0,0,1,1,0,1,1,199,"c(0, 159); c(170, 199)",1766545353,1767759766,716,14,0,"Kamun Nguyễn","18D đường Cộng Hòa, Phường Bảy Hiền, Quận Tân Bình, TP. Hồ Chí Minh",0,,,"<p>- Nam, nữ, từ 22-35 tuổi<br>- Giọng nói rõ ràng, dễ nghe, kỹ năng giao tiếp tốt.<br>- Năng động, chịu khó, có tinh thần trách nhiệm cao.<br>- Có kinh nghiệm telesale hoặc CSKH là một lợi thế (chưa có sẽ được đào tạo).<br>- Tốt nghiệp: trung cấp trở lên (chấp nhận cho SV tốt nghiệp chờ bằng)</p><p>- THỜI GIAN LÀM VIỆC: Từ 9h -18h (Thứ 2 – Thứ 7). Nghỉ Chủ nhật.</p>","<p>- Nam, nữ, từ 22-35 tuổi<br>- Giọng nói rõ ràng, dễ nghe, kỹ năng giao tiếp tốt.<br>- Năng động, chịu khó, có tinh thần trách nhiệm cao.<br>- Có kinh nghiệm telesale hoặc CSKH là một lợi thế (chưa có sẽ được đào tạo).<br>- Tốt nghiệp: trung cấp trở lên (chấp nhận cho SV tốt nghiệp chờ bằng)</p><p>- THỜI GIAN LÀM VIỆC: Từ 9h -18h (Thứ 2 – Thứ 7). Nghỉ Chủ nhật.</p>",1766546539,"c(101005713, 101009764); c(""vl24h.jobbox.basic"", ""vl24h.jobbox.trangchu_tuyengap""); c(NA, 159); c(NA, 13); c(NA, 2); c(NA, NA); c(1769273999, 1768064399); c(1766546947, 1767147985); c(1, 3); c(202769843, 202773338)",1767777120,21,10000000,20000000,14,0,0,,true,0,"[{""province_id"":122,""district_id"":314,""address"":""18D \u0111\u01b0\u1eddng C\u1ed9ng H\u00f2a, Ph\u01b0\u1eddng B\u1ea3y Hi\u1ec1n"",""lat"":10.7978295,""lng"":106.6537528}]",1766546947,1,2,0,,,,2,"100161820; NA; vl24h.refresh_hour; NA; NA; vl24h.jobbox.basic; 1766975355; 1768496399; list(""vl24h.refresh_hour""); NA; 200161103",202369064,100000836,loanlh@nhanlucsieuviet.com,"Công Ty TNHH Pmc Bảo Hiểm",cong-ty-tnhh-pmc-bao-hiem,1,1,1,https://cdn1.vieclam24h.vn/images/employer_avatar/2025/12/24/z7359016571377_fcb7018794695c6e8ec1c16f4f95f5a6_176654272774.jpg?v=220513,0,028,200722439,vl24h,"Trưởng Nhóm Marketing Lương 15 - 20Tr",truong-nhom-marketing-luong-15-20tr,3,"12; 24; 40",132,"116; 176; 177; 165; 123; 144; 125",73,235,,12743084,60,418,1,1,0,50,,0,1768237199,0,1,1,5,0,0,1,1,0,1,1,199,"c(0, 116); c(199, 174)",1765849956,1767177513,502,6,0,"Phạm Thị Thanh Hà","59 phố Đức Giang, phường Việt Hưng, TP Hà Nội",0,,,"<p>- &nbsp;Là người có đam mê và am hiểu về thời trang.<br>- <strong>Có tối thiểu 03 năm kinh nghiệm ở vị trí tương đương, Có kiến thức trade marketing, branding, digital … có kinh nghiệm trong lĩnh vực thời trang.</strong><br>- Có khả năng viết tốt, đam mê trong lĩnh vực quảng cáo, thương hiệu..<br>- Có khả năng làm việc theo nhóm, chủ động, chịu được áp lực công việc cao.<br>- &nbsp;Am hiểu về các mạng xã hội &amp; &nbsp;thương mại điện tử, forum....<br>- Hiểu biết sâu về Thời trang và MKT hàng thời trang.<br>- Có khả năng tổ chức sắp xếp bộ máy.</p>","<p>- &nbsp;Là người có đam mê và am hiểu về thời trang.<br>- <strong>Có tối thiểu 03 năm kinh nghiệm ở vị trí tương đương, Có kiến thức trade marketing, branding, digital … có kinh nghiệm trong lĩnh vực thời trang.</strong><br>- Có khả năng viết tốt, đam mê trong lĩnh vực quảng cáo, thương hiệu..<br>- Có khả năng làm việc theo nhóm, chủ động, chịu được áp lực công việc cao.<br>- &nbsp;Am hiểu về các mạng xã hội &amp; &nbsp;thương mại điện tử, forum....<br>- Hiểu biết sâu về Thời trang và MKT hàng thời trang.<br>- Có khả năng tổ chức sắp xếp bộ máy.</p>",1765849958,"c(100999737, 101004978, 101009132); c(""vl24h.jobbox.basic"", ""vl24h.jobbox.uutien_trangnganh"", ""vl24h.jobbox.trangchu_tuyengap""); c(NA, 116, NA); c(NA, 12, NA); c(NA, 1, 1); c(NA, 2, 2); c(1768582799, 1767977999, 1767977999); c(1765850007, 1766459077, 1767065015); c(1, 3, 3); c(202764905, 202769245, 202772785)",1767772920,21,15000000,20000000,5,0,0,,true,0,"[{""province_id"":73,""district_id"":235,""address"":""59 \u0110\u1ee9c Giang, ph\u01b0\u1eddng Vi\u1ec7t H\u01b0ng, H\u00e0 N\u1ed9i"",""lat"":21.067449280000062,""lng"":105.89052515800006}]",1765850007,1,2,0,,,,2,"100161907; NA; vl24h.refresh_hour; NA; NA; vl24h.jobbox.basic; 1767059164; 1768582799; list(""vl24h.refresh_hour""); NA; 200161188",12743084,100001260,sontn@nhanlucsieuviet.com,"Công Ty Cổ Phần Thương Mại Và Đầu Tư Đức Giang",cong-ty-co-phan-thuong-mai-va-dau-tu-duc-giang,1,1,1,https://cdn1.vieclam24h.vn/tvn/images/employer_avatar/2021/03/02/images/161466303540.png?v=220513,0,029,200727837,vl24h,"Telesales Team Leader / Trưởng Nhóm Telesales Cần Kinh Nghiệm 1 Năm",telesales-team-leader-truong-nhom-telesales-can-kinh-nghiem-1-nam,5,"13; 30",178,"159; 114; 175",122,314,,202266169,67,514,2,1,0,50,,0,1769014799,0,2,1,3,0,0,1,1,0,1,1,199,"c(0, 159); c(199, 174)",1766557727,1767753537,645,6,0,"Ms Phụng","12A Đường Núi Thành, Phường 13, Quận Tân Bình, TP. HCM, Việt Nam",0,,,"<p>- Tốt nghiệp từ Cao đẳng trở lên.<br>- Có kinh nghiệm tối thiếu 1 năm tại các vị trí tương đương như Telemarketing team leader/Supervisor, Telesales team leader/Supervisor.&nbsp;<br>- Kinh nghiệm lead team tối thiểu từ 10 nhân viên trở lên.<br>- Có kinh nghiệm quản lý team, đào tạo hỗ trợ các thành viên trong team.<br>- Có kinh nghiệm làm báo cáo, lên kế hoạch làm việc.<br>- Không ngại khó khăn trong công việc.</p>","<p>- Tốt nghiệp từ Cao đẳng trở lên.<br>- Có kinh nghiệm tối thiếu 1 năm tại các vị trí tương đương như Telemarketing team leader/Supervisor, Telesales team leader/Supervisor.&nbsp;<br>- Kinh nghiệm lead team tối thiểu từ 10 nhân viên trở lên.<br>- Có kinh nghiệm quản lý team, đào tạo hỗ trợ các thành viên trong team.<br>- Có kinh nghiệm làm báo cáo, lên kế hoạch làm việc.<br>- Không ngại khó khăn trong công việc.</p>",1766559547,"c(101005947, 101005962, 101005963); c(""vl24h.jobbox.basic"", ""vl24h.jobbox.trangchu_tuyengap"", ""vl24h.jobbox.uutien_trangnganh""); c(NA, NA, 159); c(NA, NA, 13); c(NA, 2, 2); c(NA, NA, NA); c(1769273999, 1768064399, 1768064399); c(1766557991, 1766558432, 1766558433); c(1, 1, 3); c(202770048, 202770062, 202770063)",1767774120,21,15000000,40000000,14,0,0,,true,0,"[{""province_id"":122,""district_id"":314,""address"":""12A N\u00fai Th\u00e0nh"",""lat"":10.800785501000064,""lng"":106.64207580600004}]",1766557991,1,1,0,,,"bio; dob; level",2,"100161529; NA; vl24h.refresh_hour; NA; NA; vl24h.jobbox.basic; 1766558434; 1769273999; list(""vl24h.refresh_hour""); NA; 200160823",202266169,833,nhitlq@nhanlucsieuviet.com,"Công Ty Cổ Phần BPO Mắt Bão",cong-ty-co-phan-bpo-mat-bao,1,1,1,https://cdn1.vieclam24h.vn/images/employer_avatar/2024/12/19/165060354216_173457247524.png?v=220513,97,46130,200731715,vl24h,"Nhân Viên Kỹ Thuật - Đi Làm Ngay",nhan-vien-ky-thuat-di-lam-ngay,5,"41; 47; 34",162,"128; 136; 149; 150; 142; 129",73,239,,202307608,0,0,2,1,0,0,,0,1769792399,0,2,2,2,0,0,1,1,0,1,1,199,"0; 199",1767320272,1767603499,464,1,0,"Phan Sỹ Phú/Chị Hà","ô 35 lô BT2 KĐTM Pháp Vân Tứ Hiệp, đường Tứ Hiệp, Phường Hoàng Liệt, Quận Hoàng Mai, Hà Nội",0,,,"<ul><li>Nhân viên: Nam</li><li>Thời gian thử việc 2 tháng</li><li>Yêu cầu ứng viên có kinh nghiệm tối thiểu: 06 - 1 năm ở vị trí tương đương</li><li>Tốt nghiệp Cao Đẳng, Đại học trở lên , chuyên ngành: Công nghệ Kỹ thuật điện, Điện công nghiệp, Tự động hóa</li><li>Ưu tiên ứng viên biết Tiếng Anh: Đọc hiểu các tài liệu về kỹ thuật điện, tin học văn phòng.</li><li>Thành thạo word, excel, ..…</li><li>Kỹ năng tự phát triển bản thân, kỹ năng làm việc nhóm</li><li>Nhanh nhẹn, nhiệt tình, có khả năng đàm phán, thuyết trình tốt.</li><li>Có trách nhiệm với công việc</li></ul>","<ul><li>Nhân viên: Nam</li><li>Thời gian thử việc 2 tháng</li><li>Yêu cầu ứng viên có kinh nghiệm tối thiểu: 06 - 1 năm ở vị trí tương đương</li><li>Tốt nghiệp Cao Đẳng, Đại học trở lên , chuyên ngành: Công nghệ Kỹ thuật điện, Điện công nghiệp, Tự động hóa</li><li>Ưu tiên ứng viên biết Tiếng Anh: Đọc hiểu các tài liệu về kỹ thuật điện, tin học văn phòng.</li><li>Thành thạo word, excel, ..…</li><li>Kỹ năng tự phát triển bản thân, kỹ năng làm việc nhóm</li><li>Nhanh nhẹn, nhiệt tình, có khả năng đàm phán, thuyết trình tốt.</li><li>Có trách nhiệm với công việc</li></ul>",1767320274,"101010567:101010568; c(""vl24h.jobbox.basic"", ""vl24h.jobbox.trangchu_tuyengap""); c(NA, NA); c(NA, NA); c(NA, 1); c(NA, 2); c(1770051599, 1768237199); c(1767320292, 1767320330); c(3, 1); 202828313:202828314",1767776580,21,12000000,13000000,23,0,0,,true,0,"[{""province_id"":73,""district_id"":239,""address"":""\u00d4 35 l\u00f4 BT2 K\u0110TM Ph\u00e1p V\u00e2n T\u1ee9 Hi\u1ec7p, Ph\u01b0\u1eddng Y\u00ean S\u1edf"",""lat"":20.9540844,""lng"":105.8474514}]",1767320292,1,2,0,,,,2,"100162225; NA; vl24h.refresh_hour; NA; NA; vl24h.jobbox.basic; 1767593629; 1768755599; list(""vl24h.refresh_hour""); NA; 200161494",202307608,100001319,mailn@nhanlucsieuviet.com,"Công Ty TNHH Sản Xuất Và Thương Mại Thiết Bị Điện Lộc Phát",cong-ty-tnhh-san-xuat-va-thuong-mai-thiet-bi-dien-loc-phat,1,1,1,https://cdn1.vieclam24h.vn/images/employer_avatar/2025/02/18/z6328354923327_42df2bee9c8fb3468f3176ddf4754c72_173985262055.jpg?v=220513,0,0